id_evidencia,pais_iso3,indicador_id,indicador_nombre,anio,valor,unidad,observacion,fuente_url,fecha_extraccion,licencia
IND-PAN-NY.GDP.MKTP.KD.ZG-2010,PAN,NY.GDP.MKTP.KD.ZG,GDP growth (annual %),2010,6.07339353106087,% anual,,https://data.worldbank.org/indicator/NY.GDP.MKTP.KD.ZG?locations=PA,2026-10-07T02:23:03Z,CC BY 4.0 (revisar excepciones por indicador en los metadatos)
IND-PAN-NY.GDP.MKTP.KD.ZG-2011,PAN,NY.GDP.MKTP.KD.ZG,GDP growth (annual %),2011,11.9088772249531,% anual,,https://data.worldbank.org/indicator/NY.GDP.MKTP.KD.ZG?locations=PA,2026-10-07T02:23:03Z,CC BY 4.0 (revisar excepciones por indicador en los metadatos)
IND-PAN-NY.GDP.MKTP.KD.ZG-2012,PAN,NY.GDP.MKTP.KD.ZG,GDP growth (annual %),2012,9.62729346439019,% anual,,https://data.worldbank.org/indicator/NY.GDP.MKTP.KD.ZG?locations=PA,2026-10-07T02:23:03Z,CC BY 4.0 (revisar excepciones por indicador en los metadatos)
IND-PAN-NY.GDP.MKTP.KD.ZG-2013,PAN,NY.GDP.MKTP.KD.ZG,GDP growth (annual %),2013,6.32435388662846,% anual,,https://data.worldbank.org/indicator/NY.GDP.MKTP.KD.ZG?locations=PA,2026-10-07T02:23:03Z,CC BY 4.0 (revisar excepciones por indicador en los metadatos)
IND-PAN-NY.GDP.MKTP.KD.ZG-2014,PAN,NY.GDP.MKTP.KD.ZG,GDP growth (annual %),2014,4.62581375565551,% anual,,https://data.worldbank.org/indicator/NY.GDP.MKTP.KD.ZG?locations=PA,2026-10-07T02:23:03Z,CC BY 4.0 (revisar excepciones por indicador en los metadatos)
IND-PAN-NY.GDP.MKTP.KD.ZG-2015,PAN,NY.GDP.MKTP.KD.ZG,GDP growth (annual %),2015,5.26691719595516,% anual,,https://data.worldbank.org/indicator/NY.GDP.MKTP.KD.ZG?locations=PA,2026-10-07T02:23:03Z,CC BY 4.0 (revisar excepciones por indicador en los metadatos)
IND-PAN-NY.GDP.MKTP.KD.ZG-2016,PAN,NY.GDP.MKTP.KD.ZG,GDP growth (annual %),2016,4.57196707937275,% anual,,https://data.worldbank.org/indicator/NY.GDP.MKTP.KD.ZG?locations=PA,2026-10-07T02:23:03Z,CC BY 4.0 (revisar excepciones por indicador en los metadatos)
IND-PAN-NY.GDP.MKTP.KD.ZG-2017,PAN,NY.GDP.MKTP.KD.ZG,GDP growth (annual %),2017,5.7440594635578,% anual,,https://data.worldbank.org/indicator/NY.GDP.MKTP.KD.ZG?locations=PA,2026-10-07T02:23:03Z,CC BY 4.0 (revisar excepciones por indicador en los metadatos)
IND-PAN-NY.GDP.MKTP.KD.ZG-2018,PAN,NY.GDP.MKTP.KD.ZG,GDP growth (annual %),2018,3.91824253321265,% anual,,https://data.worldbank.org/indicator/NY.GDP.MKTP.KD.ZG?locations=PA,2026-10-07T02:23:03Z,CC BY 4.0 (revisar excepciones por indicador en los metadatos)
IND-PAN-NY.GDP.MKTP.KD.ZG-2019,PAN,NY.GDP.MKTP.KD.ZG,GDP growth (annual %),2019,3.10295395631086,% anual,,https://data.worldbank.org/indicator/NY.GDP.MKTP.KD.ZG?locations=PA,2026-10-07T02:23:03Z,CC BY 4.0 (revisar excepciones por indicador en los metadatos)
IND-PAN-NY.GDP.MKTP.KD.ZG-2020,PAN,NY.GDP.MKTP.KD.ZG,GDP growth (annual %),2020,-17.8211174074602,% anual,,https://data.worldbank.org/indicator/NY.GDP.MKTP.KD.ZG?locations=PA,2026-10-07T02:23:03Z,CC BY 4.0 (revisar excepciones por indicador en los metadatos)
IND-PAN-NY.GDP.MKTP.KD.ZG-2021,PAN,NY.GDP.MKTP.KD.ZG,GDP growth (annual %),2021,16.4669992022652,% anual,,https://data.worldbank.org/indicator/NY.GDP.MKTP.KD.ZG?locations=PA,2026-10-07T02:23:03Z,CC BY 4.0 (revisar excepciones por indicador en los metadatos)
IND-PAN-NY.GDP.MKTP.KD.ZG-2022,PAN,NY.GDP.MKTP.KD.ZG,GDP growth (annual %),2022,11.0386022908773,% anual,,https://data.worldbank.org/indicator/NY.GDP.MKTP.KD.ZG?locations=PA,2026-10-07T02:23:03Z,CC BY 4.0 (revisar excepciones por indicador en los metadatos)
IND-PAN-NY.GDP.MKTP.KD.ZG-2023,PAN,NY.GDP.MKTP.KD.ZG,GDP growth (annual %),2023,7.16634016390665,% anual,,https://data.worldbank.org/indicator/NY.GDP.MKTP.KD.ZG?locations=PA,2026-10-07T02:23:03Z,CC BY 4.0 (revisar excepciones por indicador en los metadatos)
IND-PAN-NY.GDP.MKTP.KD.ZG-2024,PAN,NY.GDP.MKTP.KD.ZG,GDP growth (annual %),2024,2.74784148771307,% anual,,https://data.worldbank.org/indicator/NY.GDP.MKTP.KD.ZG?locations=PA,2026-10-07T02:23:03Z,CC BY 4.0 (revisar excepciones por indicador en los metadatos)
IND-PAN-FP.CPI.TOTL.ZG-2010,PAN,FP.CPI.TOTL.ZG,"Inflation, consumer prices (annual %)",2010,3.49128872618809,% anual,,https://data.worldbank.org/indicator/FP.CPI.TOTL.ZG?locations=PA,2026-10-07T02:23:07Z,CC BY 4.0 (revisar excepciones por indicador en los metadatos)
IND-PAN-FP.CPI.TOTL.ZG-2011,PAN,FP.CPI.TOTL.ZG,"Inflation, consumer prices (annual %)",2011,5.87580243678763,% anual,,https://data.worldbank.org/indicator/FP.CPI.TOTL.ZG?locations=PA,2026-10-07T02:23:07Z,CC BY 4.0 (revisar excepciones por indicador en los metadatos)
IND-PAN-FP.CPI.TOTL.ZG-2012,PAN,FP.CPI.TOTL.ZG,"Inflation, consumer prices (annual %)",2012,5.69819959165993,% anual,,https://data.worldbank.org/indicator/FP.CPI.TOTL.ZG?locations=PA,2026-10-07T02:23:07Z,CC BY 4.0 (revisar excepciones por indicador en los metadatos)
IND-PAN-FP.CPI.TOTL.ZG-2013,PAN,FP.CPI.TOTL.ZG,"Inflation, consumer prices (annual %)",2013,4.02715991571061,% anual,,https://data.worldbank.org/indicator/FP.CPI.TOTL.ZG?locations=PA,2026-10-07T02:23:07Z,CC BY 4.0 (revisar excepciones por indicador en los metadatos)
IND-PAN-FP.CPI.TOTL.ZG-2014,PAN,FP.CPI.TOTL.ZG,"Inflation, consumer prices (annual %)",2014,2.62652699929143,% anual,,https://data.worldbank.org/indicator/FP.CPI.TOTL.ZG?locations=PA,2026-10-07T02:23:07Z,CC BY 4.0 (revisar excepciones por indicador en los metadatos)
IND-PAN-FP.CPI.TOTL.ZG-2015,PAN,FP.CPI.TOTL.ZG,"Inflation, consumer prices (annual %)",2015,0.137492058461588,% anual,,https://data.worldbank.org/indicator/FP.CPI.TOTL.ZG?locations=PA,2026-10-07T02:23:07Z,CC BY 4.0 (revisar excepciones por indicador en los metadatos)
IND-PAN-FP.CPI.TOTL.ZG-2016,PAN,FP.CPI.TOTL.ZG,"Inflation, consumer prices (annual %)",2016,0.73973402529995,% anual,,https://data.worldbank.org/indicator/FP.CPI.TOTL.ZG?locations=PA,2026-10-07T02:23:07Z,CC BY 4.0 (revisar excepciones por indicador en los metadatos)
IND-PAN-FP.CPI.TOTL.ZG-2017,PAN,FP.CPI.TOTL.ZG,"Inflation, consumer prices (annual %)",2017,0.875585918759963,% anual,,https://data.worldbank.org/indicator/FP.CPI.TOTL.ZG?locations=PA,2026-10-07T02:23:07Z,CC BY 4.0 (revisar excepciones por indicador en los metadatos)
IND-PAN-FP.CPI.TOTL.ZG-2018,PAN,FP.CPI.TOTL.ZG,"Inflation, consumer prices (annual %)",2018,0.761578359399945,% anual,,https://data.worldbank.org/indicator/FP.CPI.TOTL.ZG?locations=PA,2026-10-07T02:23:07Z,CC BY 4.0 (revisar excepciones por indicador en los metadatos)
IND-PAN-FP.CPI.TOTL.ZG-2019,PAN,FP.CPI.TOTL.ZG,"Inflation, consumer prices (annual %)",2019,-0.355083821021246,% anual,,https://data.worldbank.org/indicator/FP.CPI.TOTL.ZG?locations=PA,2026-10-07T02:23:07Z,CC BY 4.0 (revisar excepciones por indicador en los metadatos)
IND-PAN-FP.CPI.TOTL.ZG-2020,PAN,FP.CPI.TOTL.ZG,"Inflation, consumer prices (annual %)",2020,-1.55027540803761,% anual,,https://data.worldbank.org/indicator/FP.CPI.TOTL.ZG?locations=PA,2026-10-07T02:23:07Z,CC BY 4.0 (revisar excepciones por indicador en los metadatos)
IND-PAN-FP.CPI.TOTL.ZG-2021,PAN,FP.CPI.TOTL.ZG,"Inflation, consumer prices (annual %)",2021,1.63070337301898,% anual,,https://data.worldbank.org/indicator/FP.CPI.TOTL.ZG?locations=PA,2026-10-07T02:23:07Z,CC BY 4.0 (revisar excepciones por indicador en los metadatos)
IND-PAN-FP.CPI.TOTL.ZG-2022,PAN,FP.CPI.TOTL.ZG,"Inflation, consumer prices (annual %)",2022,2.85965128834711,% anual,,https://data.worldbank.org/indicator/FP.CPI.TOTL.ZG?locations=PA,2026-10-07T02:23:07Z,CC BY 4.0 (revisar excepciones por indicador en los metadatos)
IND-PAN-FP.CPI.TOTL.ZG-2023,PAN,FP.CPI.TOTL.ZG,"Inflation, consumer prices (annual %)",2023,1.48641355277038,% anual,,https://data.worldbank.org/indicator/FP.CPI.TOTL.ZG?locations=PA,2026-10-07T02:23:07Z,CC BY 4.0 (revisar excepciones por indicador en los metadatos)
IND-PAN-FP.CPI.TOTL.ZG-2024,PAN,FP.CPI.TOTL.ZG,"Inflation, consumer prices (annual %)",2024,0.69322555100446,% anual,,https://data.worldbank.org/indicator/FP.CPI.TOTL.ZG?locations=PA,2026-10-07T02:23:07Z,CC BY 4.0 (revisar excepciones por indicador en los metadatos)
IND-PAN-SL.UEM.TOTL.ZS-2010,PAN,SL.UEM.TOTL.ZS,"Unemployment, total (% of total labor force) (modeled ILO estimate)",2010,5.845,% de la fuerza laboral total,,https://data.worldbank.org/indicator/SL.UEM.TOTL.ZS?locations=PA,2026-10-07T02:23:09Z,CC BY 4.0 (revisar excepciones por indicador en los metadatos)
IND-PAN-SL.UEM.TOTL.ZS-2011,PAN,SL.UEM.TOTL.ZS,"Unemployment, total (% of total labor force) (modeled ILO estimate)",2011,4.03,% de la fuerza laboral total,,https://data.worldbank.org/indicator/SL.UEM.TOTL.ZS?locations=PA,2026-10-07T02:23:09Z,CC BY 4.0 (revisar excepciones por indicador en los metadatos)
IND-PAN-SL.UEM.TOTL.ZS-2012,PAN,SL.UEM.TOTL.ZS,"Unemployment, total (% of total labor force) (modeled ILO estimate)",2012,3.691,% de la fuerza laboral total,,https://data.worldbank.org/indicator/SL.UEM.TOTL.ZS?locations=PA,2026-10-07T02:23:09Z,CC BY 4.0 (revisar excepciones por indicador en los metadatos)
IND-PAN-SL.UEM.TOTL.ZS-2013,PAN,SL.UEM.TOTL.ZS,"Unemployment, total (% of total labor force) (modeled ILO estimate)",2013,3.674,% de la fuerza laboral total,,https://data.worldbank.org/indicator/SL.UEM.TOTL.ZS?locations=PA,2026-10-07T02:23:09Z,CC BY 4.0 (revisar excepciones por indicador en los metadatos)
IND-PAN-SL.UEM.TOTL.ZS-2014,PAN,SL.UEM.TOTL.ZS,"Unemployment, total (% of total labor force) (modeled ILO estimate)",2014,4.391,% de la fuerza laboral total,,https://data.worldbank.org/indicator/SL.UEM.TOTL.ZS?locations=PA,2026-10-07T02:23:09Z,CC BY 4.0 (revisar excepciones por indicador en los metadatos)
IND-PAN-SL.UEM.TOTL.ZS-2015,PAN,SL.UEM.TOTL.ZS,"Unemployment, total (% of total labor force) (modeled ILO estimate)",2015,4.335,% de la fuerza laboral total,,https://data.worldbank.org/indicator/SL.UEM.TOTL.ZS?locations=PA,2026-10-07T02:23:09Z,CC BY 4.0 (revisar excepciones por indicador en los metadatos)
IND-PAN-SL.UEM.TOTL.ZS-2016,PAN,SL.UEM.TOTL.ZS,"Unemployment, total (% of total labor force) (modeled ILO estimate)",2016,4.717,% de la fuerza laboral total,,https://data.worldbank.org/indicator/SL.UEM.TOTL.ZS?locations=PA,2026-10-07T02:23:09Z,CC BY 4.0 (revisar excepciones por indicador en los metadatos)
IND-PAN-SL.UEM.TOTL.ZS-2017,PAN,SL.UEM.TOTL.ZS,"Unemployment, total (% of total labor force) (modeled ILO estimate)",2017,5.338,% de la fuerza laboral total,,https://data.worldbank.org/indicator/SL.UEM.TOTL.ZS?locations=PA,2026-10-07T02:23:09Z,CC BY 4.0 (revisar excepciones por indicador en los metadatos)
IND-PAN-SL.UEM.TOTL.ZS-2018,PAN,SL.UEM.TOTL.ZS,"Unemployment, total (% of total labor force) (modeled ILO estimate)",2018,5.161,% de la fuerza laboral total,,https://data.worldbank.org/indicator/SL.UEM.TOTL.ZS?locations=PA,2026-10-07T02:23:09Z,CC BY 4.0 (revisar excepciones por indicador en los metadatos)
IND-PAN-SL.UEM.TOTL.ZS-2019,PAN,SL.UEM.TOTL.ZS,"Unemployment, total (% of total labor force) (modeled ILO estimate)",2019,6.256,% de la fuerza laboral total,,https://data.worldbank.org/indicator/SL.UEM.TOTL.ZS?locations=PA,2026-10-07T02:23:09Z,CC BY 4.0 (revisar excepciones por indicador en los metadatos)
IND-PAN-SL.UEM.TOTL.ZS-2020,PAN,SL.UEM.TOTL.ZS,"Unemployment, total (% of total labor force) (modeled ILO estimate)",2020,14.663,% de la fuerza laboral total,,https://data.worldbank.org/indicator/SL.UEM.TOTL.ZS?locations=PA,2026-10-07T02:23:09Z,CC BY 4.0 (revisar excepciones por indicador en los metadatos)
IND-PAN-SL.UEM.TOTL.ZS-2021,PAN,SL.UEM.TOTL.ZS,"Unemployment, total (% of total labor force) (modeled ILO estimate)",2021,10.177,% de la fuerza laboral total,,https://data.worldbank.org/indicator/SL.UEM.TOTL.ZS?locations=PA,2026-10-07T02:23:09Z,CC BY 4.0 (revisar excepciones por indicador en los metadatos)
IND-PAN-SL.UEM.TOTL.ZS-2022,PAN,SL.UEM.TOTL.ZS,"Unemployment, total (% of total labor force) (modeled ILO estimate)",2022,8.086,% de la fuerza laboral total,,https://data.worldbank.org/indicator/SL.UEM.TOTL.ZS?locations=PA,2026-10-07T02:23:09Z,CC BY 4.0 (revisar excepciones por indicador en los metadatos)
IND-PAN-SL.UEM.TOTL.ZS-2023,PAN,SL.UEM.TOTL.ZS,"Unemployment, total (% of total labor force) (modeled ILO estimate)",2023,6.544,% de la fuerza laboral total,,https://data.worldbank.org/indicator/SL.UEM.TOTL.ZS?locations=PA,2026-10-07T02:23:09Z,CC BY 4.0 (revisar excepciones por indicador en los metadatos)
IND-PAN-SL.UEM.TOTL.ZS-2024,PAN,SL.UEM.TOTL.ZS,"Unemployment, total (% of total labor force) (modeled ILO estimate)",2024,8.451,% de la fuerza laboral total,,https://data.worldbank.org/indicator/SL.UEM.TOTL.ZS?locations=PA,2026-10-07T02:23:09Z,CC BY 4.0 (revisar excepciones por indicador en los metadatos)
IND-PAN-SP.POP.TOTL-2010,PAN,SP.POP.TOTL,"Population, total",2010,3628535,personas,,https://data.worldbank.org/indicator/SP.POP.TOTL?locations=PA,2026-10-07T02:23:11Z,CC BY 4.0 (revisar excepciones por indicador en los metadatos)
IND-PAN-SP.POP.TOTL-2011,PAN,SP.POP.TOTL,"Population, total",2011,3693505,personas,,https://data.worldbank.org/indicator/SP.POP.TOTL?locations=PA,2026-10-07T02:23:11Z,CC BY 4.0 (revisar excepciones por indicador en los metadatos)
IND-PAN-SP.POP.TOTL-2012,PAN,SP.POP.TOTL,"Population, total",2012,3759256,personas,,https://data.worldbank.org/indicator/SP.POP.TOTL?locations=PA,2026-10-07T02:23:11Z,CC BY 4.0 (revisar excepciones por indicador en los metadatos)
IND-PAN-SP.POP.TOTL-2013,PAN,SP.POP.TOTL,"Population, total",2013,3825329,personas,,https://data.worldbank.org/indicator/SP.POP.TOTL?locations=PA,2026-10-07T02:23:11Z,CC BY 4.0 (revisar excepciones por indicador en los metadatos)
IND-PAN-SP.POP.TOTL-2014,PAN,SP.POP.TOTL,"Population, total",2014,3892101,personas,,https://data.worldbank.org/indicator/SP.POP.TOTL?locations=PA,2026-10-07T02:23:11Z,CC BY 4.0 (revisar excepciones por indicador en los metadatos)
IND-PAN-SP.POP.TOTL-2015,PAN,SP.POP.TOTL,"Population, total",2015,3960035,personas,,https://data.worldbank.org/indicator/SP.POP.TOTL?locations=PA,2026-10-07T02:23:11Z,CC BY 4.0 (revisar excepciones por indicador en los metadatos)
IND-PAN-SP.POP.TOTL-2016,PAN,SP.POP.TOTL,"Population, total",2016,4029086,personas,,https://data.worldbank.org/indicator/SP.POP.TOTL?locations=PA,2026-10-07T02:23:11Z,CC BY 4.0 (revisar excepciones por indicador en los metadatos)
IND-PAN-SP.POP.TOTL-2017,PAN,SP.POP.TOTL,"Population, total",2017,4098707,personas,,https://data.worldbank.org/indicator/SP.POP.TOTL?locations=PA,2026-10-07T02:23:11Z,CC BY 4.0 (revisar excepciones por indicador en los metadatos)
IND-PAN-SP.POP.TOTL-2018,PAN,SP.POP.TOTL,"Population, total",2018,4167860,personas,,https://data.worldbank.org/indicator/SP.POP.TOTL?locations=PA,2026-10-07T02:23:11Z,CC BY 4.0 (revisar excepciones por indicador en los metadatos)
IND-PAN-SP.POP.TOTL-2019,PAN,SP.POP.TOTL,"Population, total",2019,4234700,personas,,https://data.worldbank.org/indicator/SP.POP.TOTL?locations=PA,2026-10-07T02:23:11Z,CC BY 4.0 (revisar excepciones por indicador en los metadatos)
IND-PAN-SP.POP.TOTL-2020,PAN,SP.POP.TOTL,"Population, total",2020,4293261,personas,,https://data.worldbank.org/indicator/SP.POP.TOTL?locations=PA,2026-10-07T02:23:11Z,CC BY 4.0 (revisar excepciones por indicador en los metadatos)
IND-PAN-SP.POP.TOTL-2021,PAN,SP.POP.TOTL,"Population, total",2021,4345405,personas,,https://data.worldbank.org/indicator/SP.POP.TOTL?locations=PA,2026-10-07T02:23:11Z,CC BY 4.0 (revisar excepciones por indicador en los metadatos)
IND-PAN-SP.POP.TOTL-2022,PAN,SP.POP.TOTL,"Population, total",2022,4400773,personas,,https://data.worldbank.org/indicator/SP.POP.TOTL?locations=PA,2026-10-07T02:23:11Z,CC BY 4.0 (revisar excepciones por indicador en los metadatos)
IND-PAN-SP.POP.TOTL-2023,PAN,SP.POP.TOTL,"Population, total",2023,4458759,personas,,https://data.worldbank.org/indicator/SP.POP.TOTL?locations=PA,2026-10-07T02:23:11Z,CC BY 4.0 (revisar excepciones por indicador en los metadatos)
IND-PAN-SP.POP.TOTL-2024,PAN,SP.POP.TOTL,"Population, total",2024,4515577,personas,,https://data.worldbank.org/indicator/SP.POP.TOTL?locations=PA,2026-10-07T02:23:11Z,CC BY 4.0 (revisar excepciones por indicador en los metadatos)
IND-PAN-IT.NET.USER.ZS-2010,PAN,IT.NET.USER.ZS,Individuals using the Internet (% of population),2010,40.1,% de la población,,https://data.worldbank.org/indicator/IT.NET.USER.ZS?locations=PA,2026-10-07T02:23:13Z,CC BY 4.0 (revisar excepciones por indicador en los metadatos)
IND-PAN-IT.NET.USER.ZS-2011,PAN,IT.NET.USER.ZS,Individuals using the Internet (% of population),2011,42.7,% de la población,,https://data.worldbank.org/indicator/IT.NET.USER.ZS?locations=PA,2026-10-07T02:23:13Z,CC BY 4.0 (revisar excepciones por indicador en los metadatos)
IND-PAN-IT.NET.USER.ZS-2012,PAN,IT.NET.USER.ZS,Individuals using the Internet (% of population),2012,40.3018952210488,% de la población,,https://data.worldbank.org/indicator/IT.NET.USER.ZS?locations=PA,2026-10-07T02:23:13Z,CC BY 4.0 (revisar excepciones por indicador en los metadatos)
IND-PAN-IT.NET.USER.ZS-2013,PAN,IT.NET.USER.ZS,Individuals using the Internet (% of population),2013,44.03,% de la población,,https://data.worldbank.org/indicator/IT.NET.USER.ZS?locations=PA,2026-10-07T02:23:13Z,CC BY 4.0 (revisar excepciones por indicador en los metadatos)
IND-PAN-IT.NET.USER.ZS-2014,PAN,IT.NET.USER.ZS,Individuals using the Internet (% of population),2014,44.9238152577893,% de la población,,https://data.worldbank.org/indicator/IT.NET.USER.ZS?locations=PA,2026-10-07T02:23:13Z,CC BY 4.0 (revisar excepciones por indicador en los metadatos)
IND-PAN-IT.NET.USER.ZS-2015,PAN,IT.NET.USER.ZS,Individuals using the Internet (% of population),2015,51.2054249948687,% de la población,,https://data.worldbank.org/indicator/IT.NET.USER.ZS?locations=PA,2026-10-07T02:23:13Z,CC BY 4.0 (revisar excepciones por indicador en los metadatos)
IND-PAN-IT.NET.USER.ZS-2016,PAN,IT.NET.USER.ZS,Individuals using the Internet (% of population),2016,54,% de la población,,https://data.worldbank.org/indicator/IT.NET.USER.ZS?locations=PA,2026-10-07T02:23:13Z,CC BY 4.0 (revisar excepciones por indicador en los metadatos)
IND-PAN-IT.NET.USER.ZS-2017,PAN,IT.NET.USER.ZS,Individuals using the Internet (% of population),2017,59.9506309038683,% de la población,,https://data.worldbank.org/indicator/IT.NET.USER.ZS?locations=PA,2026-10-07T02:23:13Z,CC BY 4.0 (revisar excepciones por indicador en los metadatos)
IND-PAN-IT.NET.USER.ZS-2018,PAN,IT.NET.USER.ZS,Individuals using the Internet (% of population),2018,61.8055313202468,% de la población,,https://data.worldbank.org/indicator/IT.NET.USER.ZS?locations=PA,2026-10-07T02:23:13Z,CC BY 4.0 (revisar excepciones por indicador en los metadatos)
IND-PAN-IT.NET.USER.ZS-2019,PAN,IT.NET.USER.ZS,Individuals using the Internet (% of population),2019,63.6284147731451,% de la población,,https://data.worldbank.org/indicator/IT.NET.USER.ZS?locations=PA,2026-10-07T02:23:13Z,CC BY 4.0 (revisar excepciones por indicador en los metadatos)
IND-PAN-IT.NET.USER.ZS-2020,PAN,IT.NET.USER.ZS,Individuals using the Internet (% of population),2020,64.82430267,% de la población,,https://data.worldbank.org/indicator/IT.NET.USER.ZS?locations=PA,2026-10-07T02:23:13Z,CC BY 4.0 (revisar excepciones por indicador en los metadatos)
IND-PAN-IT.NET.USER.ZS-2021,PAN,IT.NET.USER.ZS,Individuals using the Internet (% of population),2021,66.04270172,% de la población,,https://data.worldbank.org/indicator/IT.NET.USER.ZS?locations=PA,2026-10-07T02:23:13Z,CC BY 4.0 (revisar excepciones por indicador en los metadatos)
IND-PAN-IT.NET.USER.ZS-2022,PAN,IT.NET.USER.ZS,Individuals using the Internet (% of population),2022,67.2838974,% de la población,,https://data.worldbank.org/indicator/IT.NET.USER.ZS?locations=PA,2026-10-07T02:23:13Z,CC BY 4.0 (revisar excepciones por indicador en los metadatos)
IND-PAN-IT.NET.USER.ZS-2023,PAN,IT.NET.USER.ZS,Individuals using the Internet (% of population),2023,68.54851592,% de la población,,https://data.worldbank.org/indicator/IT.NET.USER.ZS?locations=PA,2026-10-07T02:23:13Z,CC BY 4.0 (revisar excepciones por indicador en los metadatos)
IND-PAN-IT.NET.USER.ZS-2024,PAN,IT.NET.USER.ZS,Individuals using the Internet (% of population),2024,72.77149963,% de la población,,https://data.worldbank.org/indicator/IT.NET.USER.ZS?locations=PA,2026-10-07T02:23:13Z,CC BY 4.0 (revisar excepciones por indicador en los metadatos)
IND-PAN-NE.EXP.GNFS.ZS-2010,PAN,NE.EXP.GNFS.ZS,Exports of goods and services (% of GDP),2010,70.025242127624,% del PIB,,https://data.worldbank.org/indicator/NE.EXP.GNFS.ZS?locations=PA,2026-10-07T02:23:15Z,CC BY 4.0 (revisar excepciones por indicador en los metadatos)
IND-PAN-NE.EXP.GNFS.ZS-2011,PAN,NE.EXP.GNFS.ZS,Exports of goods and services (% of GDP),2011,77.7456721038553,% del PIB,,https://data.worldbank.org/indicator/NE.EXP.GNFS.ZS?locations=PA,2026-10-07T02:23:15Z,CC BY 4.0 (revisar excepciones por indicador en los metadatos)
IND-PAN-NE.EXP.GNFS.ZS-2012,PAN,NE.EXP.GNFS.ZS,Exports of goods and services (% of GDP),2012,74.5443157318036,% del PIB,,https://data.worldbank.org/indicator/NE.EXP.GNFS.ZS?locations=PA,2026-10-07T02:23:15Z,CC BY 4.0 (revisar excepciones por indicador en los metadatos)
IND-PAN-NE.EXP.GNFS.ZS-2013,PAN,NE.EXP.GNFS.ZS,Exports of goods and services (% of GDP),2013,64.5610772417975,% del PIB,,https://data.worldbank.org/indicator/NE.EXP.GNFS.ZS?locations=PA,2026-10-07T02:23:15Z,CC BY 4.0 (revisar excepciones por indicador en los metadatos)
IND-PAN-NE.EXP.GNFS.ZS-2014,PAN,NE.EXP.GNFS.ZS,Exports of goods and services (% of GDP),2014,54.8890820412486,% del PIB,,https://data.worldbank.org/indicator/NE.EXP.GNFS.ZS?locations=PA,2026-10-07T02:23:15Z,CC BY 4.0 (revisar excepciones por indicador en los metadatos)
IND-PAN-NE.EXP.GNFS.ZS-2015,PAN,NE.EXP.GNFS.ZS,Exports of goods and services (% of GDP),2015,47.3866198943049,% del PIB,,https://data.worldbank.org/indicator/NE.EXP.GNFS.ZS?locations=PA,2026-10-07T02:23:15Z,CC BY 4.0 (revisar excepciones por indicador en los metadatos)
IND-PAN-NE.EXP.GNFS.ZS-2016,PAN,NE.EXP.GNFS.ZS,Exports of goods and services (% of GDP),2016,41.7407554754564,% del PIB,,https://data.worldbank.org/indicator/NE.EXP.GNFS.ZS?locations=PA,2026-10-07T02:23:15Z,CC BY 4.0 (revisar excepciones por indicador en los metadatos)
IND-PAN-NE.EXP.GNFS.ZS-2017,PAN,NE.EXP.GNFS.ZS,Exports of goods and services (% of GDP),2017,41.4710106917443,% del PIB,,https://data.worldbank.org/indicator/NE.EXP.GNFS.ZS?locations=PA,2026-10-07T02:23:15Z,CC BY 4.0 (revisar excepciones por indicador en los metadatos)
IND-PAN-NE.EXP.GNFS.ZS-2018,PAN,NE.EXP.GNFS.ZS,Exports of goods and services (% of GDP),2018,42.3471044929045,% del PIB,,https://data.worldbank.org/indicator/NE.EXP.GNFS.ZS?locations=PA,2026-10-07T02:23:15Z,CC BY 4.0 (revisar excepciones por indicador en los metadatos)
IND-PAN-NE.EXP.GNFS.ZS-2019,PAN,NE.EXP.GNFS.ZS,Exports of goods and services (% of GDP),2019,40.2141745207689,% del PIB,,https://data.worldbank.org/indicator/NE.EXP.GNFS.ZS?locations=PA,2026-10-07T02:23:15Z,CC BY 4.0 (revisar excepciones por indicador en los metadatos)
IND-PAN-NE.EXP.GNFS.ZS-2020,PAN,NE.EXP.GNFS.ZS,Exports of goods and services (% of GDP),2020,36.269088105591,% del PIB,,https://data.worldbank.org/indicator/NE.EXP.GNFS.ZS?locations=PA,2026-10-07T02:23:15Z,CC BY 4.0 (revisar excepciones por indicador en los metadatos)
IND-PAN-NE.EXP.GNFS.ZS-2021,PAN,NE.EXP.GNFS.ZS,Exports of goods and services (% of GDP),2021,41.6067039493249,% del PIB,,https://data.worldbank.org/indicator/NE.EXP.GNFS.ZS?locations=PA,2026-10-07T02:23:15Z,CC BY 4.0 (revisar excepciones por indicador en los metadatos)
IND-PAN-NE.EXP.GNFS.ZS-2022,PAN,NE.EXP.GNFS.ZS,Exports of goods and services (% of GDP),2022,48.0265978360198,% del PIB,,https://data.worldbank.org/indicator/NE.EXP.GNFS.ZS?locations=PA,2026-10-07T02:23:15Z,CC BY 4.0 (revisar excepciones por indicador en los metadatos)
IND-PAN-NE.EXP.GNFS.ZS-2023,PAN,NE.EXP.GNFS.ZS,Exports of goods and services (% of GDP),2023,45.6292440025453,% del PIB,,https://data.worldbank.org/indicator/NE.EXP.GNFS.ZS?locations=PA,2026-10-07T02:23:15Z,CC BY 4.0 (revisar excepciones por indicador en los metadatos)
IND-PAN-NE.EXP.GNFS.ZS-2024,PAN,NE.EXP.GNFS.ZS,Exports of goods and services (% of GDP),2024,44.3578422661429,% del PIB,,https://data.worldbank.org/indicator/NE.EXP.GNFS.ZS?locations=PA,2026-10-07T02:23:15Z,CC BY 4.0 (revisar excepciones por indicador en los metadatos)
IND-CRI-NY.GDP.MKTP.KD.ZG-2010,CRI,NY.GDP.MKTP.KD.ZG,GDP growth (annual %),2010,5.36034347722267,% anual,,https://data.worldbank.org/indicator/NY.GDP.MKTP.KD.ZG?locations=CR,2026-10-07T02:23:03Z,CC BY 4.0 (revisar excepciones por indicador en los metadatos)
IND-CRI-NY.GDP.MKTP.KD.ZG-2011,CRI,NY.GDP.MKTP.KD.ZG,GDP growth (annual %),2011,4.40315921836142,% anual,,https://data.worldbank.org/indicator/NY.GDP.MKTP.KD.ZG?locations=CR,2026-10-07T02:23:03Z,CC BY 4.0 (revisar excepciones por indicador en los metadatos)
IND-CRI-NY.GDP.MKTP.KD.ZG-2012,CRI,NY.GDP.MKTP.KD.ZG,GDP growth (annual %),2012,4.88259252932575,% anual,,https://data.worldbank.org/indicator/NY.GDP.MKTP.KD.ZG?locations=CR,2026-10-07T02:23:03Z,CC BY 4.0 (revisar excepciones por indicador en los metadatos)
IND-CRI-NY.GDP.MKTP.KD.ZG-2013,CRI,NY.GDP.MKTP.KD.ZG,GDP growth (annual %),2013,2.49476596233289,% anual,,https://data.worldbank.org/indicator/NY.GDP.MKTP.KD.ZG?locations=CR,2026-10-07T02:23:03Z,CC BY 4.0 (revisar excepciones por indicador en los metadatos)
IND-CRI-NY.GDP.MKTP.KD.ZG-2014,CRI,NY.GDP.MKTP.KD.ZG,GDP growth (annual %),2014,3.54210997703849,% anual,,https://data.worldbank.org/indicator/NY.GDP.MKTP.KD.ZG?locations=CR,2026-10-07T02:23:03Z,CC BY 4.0 (revisar excepciones por indicador en los metadatos)
IND-CRI-NY.GDP.MKTP.KD.ZG-2015,CRI,NY.GDP.MKTP.KD.ZG,GDP growth (annual %),2015,3.65208093006359,% anual,,https://data.worldbank.org/indicator/NY.GDP.MKTP.KD.ZG?locations=CR,2026-10-07T02:23:03Z,CC BY 4.0 (revisar excepciones por indicador en los metadatos)
IND-CRI-NY.GDP.MKTP.KD.ZG-2016,CRI,NY.GDP.MKTP.KD.ZG,GDP growth (annual %),2016,4.20432320775184,% anual,,https://data.worldbank.org/indicator/NY.GDP.MKTP.KD.ZG?locations=CR,2026-10-07T02:23:03Z,CC BY 4.0 (revisar excepciones por indicador en los metadatos)
IND-CRI-NY.GDP.MKTP.KD.ZG-2017,CRI,NY.GDP.MKTP.KD.ZG,GDP growth (annual %),2017,4.15769914676933,% anual,,https://data.worldbank.org/indicator/NY.GDP.MKTP.KD.ZG?locations=CR,2026-10-07T02:23:03Z,CC BY 4.0 (revisar excepciones por indicador en los metadatos)
IND-CRI-NY.GDP.MKTP.KD.ZG-2018,CRI,NY.GDP.MKTP.KD.ZG,GDP growth (annual %),2018,2.85285959760458,% anual,,https://data.worldbank.org/indicator/NY.GDP.MKTP.KD.ZG?locations=CR,2026-10-07T02:23:03Z,CC BY 4.0 (revisar excepciones por indicador en los metadatos)
IND-CRI-NY.GDP.MKTP.KD.ZG-2019,CRI,NY.GDP.MKTP.KD.ZG,GDP growth (annual %),2019,2.70813912948329,% anual,,https://data.worldbank.org/indicator/NY.GDP.MKTP.KD.ZG?locations=CR,2026-10-07T02:23:03Z,CC BY 4.0 (revisar excepciones por indicador en los metadatos)
IND-CRI-NY.GDP.MKTP.KD.ZG-2020,CRI,NY.GDP.MKTP.KD.ZG,GDP growth (annual %),2020,-4.14159340574358,% anual,,https://data.worldbank.org/indicator/NY.GDP.MKTP.KD.ZG?locations=CR,2026-10-07T02:23:03Z,CC BY 4.0 (revisar excepciones por indicador en los metadatos)
IND-CRI-NY.GDP.MKTP.KD.ZG-2021,CRI,NY.GDP.MKTP.KD.ZG,GDP growth (annual %),2021,8.21817953969082,% anual,,https://data.worldbank.org/indicator/NY.GDP.MKTP.KD.ZG?locations=CR,2026-10-07T02:23:03Z,CC BY 4.0 (revisar excepciones por indicador en los metadatos)
IND-CRI-NY.GDP.MKTP.KD.ZG-2022,CRI,NY.GDP.MKTP.KD.ZG,GDP growth (annual %),2022,5.46119455235068,% anual,,https://data.worldbank.org/indicator/NY.GDP.MKTP.KD.ZG?locations=CR,2026-10-07T02:23:03Z,CC BY 4.0 (revisar excepciones por indicador en los metadatos)
IND-CRI-NY.GDP.MKTP.KD.ZG-2023,CRI,NY.GDP.MKTP.KD.ZG,GDP growth (annual %),2023,4.79187732359398,% anual,,https://data.worldbank.org/indicator/NY.GDP.MKTP.KD.ZG?locations=CR,2026-10-07T02:23:03Z,CC BY 4.0 (revisar excepciones por indicador en los metadatos)
IND-CRI-NY.GDP.MKTP.KD.ZG-2024,CRI,NY.GDP.MKTP.KD.ZG,GDP growth (annual %),2024,4.08292444182048,% anual,,https://data.worldbank.org/indicator/NY.GDP.MKTP.KD.ZG?locations=CR,2026-10-07T02:23:03Z,CC BY 4.0 (revisar excepciones por indicador en los metadatos)
IND-CRI-FP.CPI.TOTL.ZG-2010,CRI,FP.CPI.TOTL.ZG,"Inflation, consumer prices (annual %)",2010,5.66275708420021,% anual,,https://data.worldbank.org/indicator/FP.CPI.TOTL.ZG?locations=CR,2026-10-07T02:23:07Z,CC BY 4.0 (revisar excepciones por indicador en los metadatos)
IND-CRI-FP.CPI.TOTL.ZG-2011,CRI,FP.CPI.TOTL.ZG,"Inflation, consumer prices (annual %)",2011,4.87799830970702,% anual,,https://data.worldbank.org/indicator/FP.CPI.TOTL.ZG?locations=CR,2026-10-07T02:23:07Z,CC BY 4.0 (revisar excepciones por indicador en los metadatos)
IND-CRI-FP.CPI.TOTL.ZG-2012,CRI,FP.CPI.TOTL.ZG,"Inflation, consumer prices (annual %)",2012,4.49545314354605,% anual,,https://data.worldbank.org/indicator/FP.CPI.TOTL.ZG?locations=CR,2026-10-07T02:23:07Z,CC BY 4.0 (revisar excepciones por indicador en los metadatos)
IND-CRI-FP.CPI.TOTL.ZG-2013,CRI,FP.CPI.TOTL.ZG,"Inflation, consumer prices (annual %)",2013,5.23133614174428,% anual,,https://data.worldbank.org/indicator/FP.CPI.TOTL.ZG?locations=CR,2026-10-07T02:23:07Z,CC BY 4.0 (revisar excepciones por indicador en los metadatos)
IND-CRI-FP.CPI.TOTL.ZG-2014,CRI,FP.CPI.TOTL.ZG,"Inflation, consumer prices (annual %)",2014,4.51920098516954,% anual,,https://data.worldbank.org/indicator/FP.CPI.TOTL.ZG?locations=CR,2026-10-07T02:23:07Z,CC BY 4.0 (revisar excepciones por indicador en los metadatos)
IND-CRI-FP.CPI.TOTL.ZG-2015,CRI,FP.CPI.TOTL.ZG,"Inflation, consumer prices (annual %)",2015,0.801982005099623,% anual,,https://data.worldbank.org/indicator/FP.CPI.TOTL.ZG?locations=CR,2026-10-07T02:23:07Z,CC BY 4.0 (revisar excepciones por indicador en los metadatos)
IND-CRI-FP.CPI.TOTL.ZG-2016,CRI,FP.CPI.TOTL.ZG,"Inflation, consumer prices (annual %)",2016,-0.0174788505908217,% anual,,https://data.worldbank.org/indicator/FP.CPI.TOTL.ZG?locations=CR,2026-10-07T02:23:07Z,CC BY 4.0 (revisar excepciones por indicador en los metadatos)
IND-CRI-FP.CPI.TOTL.ZG-2017,CRI,FP.CPI.TOTL.ZG,"Inflation, consumer prices (annual %)",2017,1.62590692991732,% anual,,https://data.worldbank.org/indicator/FP.CPI.TOTL.ZG?locations=CR,2026-10-07T02:23:07Z,CC BY 4.0 (revisar excepciones por indicador en los metadatos)
IND-CRI-FP.CPI.TOTL.ZG-2018,CRI,FP.CPI.TOTL.ZG,"Inflation, consumer prices (annual %)",2018,2.22111461526581,% anual,,https://data.worldbank.org/indicator/FP.CPI.TOTL.ZG?locations=CR,2026-10-07T02:23:07Z,CC BY 4.0 (revisar excepciones por indicador en los metadatos)
IND-CRI-FP.CPI.TOTL.ZG-2019,CRI,FP.CPI.TOTL.ZG,"Inflation, consumer prices (annual %)",2019,2.09604635327807,% anual,,https://data.worldbank.org/indicator/FP.CPI.TOTL.ZG?locations=CR,2026-10-07T02:23:07Z,CC BY 4.0 (revisar excepciones por indicador en los metadatos)
IND-CRI-FP.CPI.TOTL.ZG-2020,CRI,FP.CPI.TOTL.ZG,"Inflation, consumer prices (annual %)",2020,0.724911478131376,% anual,,https://data.worldbank.org/indicator/FP.CPI.TOTL.ZG?locations=CR,2026-10-07T02:23:07Z,CC BY 4.0 (revisar excepciones por indicador en los metadatos)
IND-CRI-FP.CPI.TOTL.ZG-2021,CRI,FP.CPI.TOTL.ZG,"Inflation, consumer prices (annual %)",2021,1.72647755109241,% anual,,https://data.worldbank.org/indicator/FP.CPI.TOTL.ZG?locations=CR,2026-10-07T02:23:07Z,CC BY 4.0 (revisar excepciones por indicador en los metadatos)
IND-CRI-FP.CPI.TOTL.ZG-2022,CRI,FP.CPI.TOTL.ZG,"Inflation, consumer prices (annual %)",2022,8.27477490232654,% anual,,https://data.worldbank.org/indicator/FP.CPI.TOTL.ZG?locations=CR,2026-10-07T02:23:07Z,CC BY 4.0 (revisar excepciones por indicador en los metadatos)
IND-CRI-FP.CPI.TOTL.ZG-2023,CRI,FP.CPI.TOTL.ZG,"Inflation, consumer prices (annual %)",2023,0.525193508693455,% anual,,https://data.worldbank.org/indicator/FP.CPI.TOTL.ZG?locations=CR,2026-10-07T02:23:07Z,CC BY 4.0 (revisar excepciones por indicador en los metadatos)
IND-CRI-FP.CPI.TOTL.ZG-2024,CRI,FP.CPI.TOTL.ZG,"Inflation, consumer prices (annual %)",2024,-0.412853001047069,% anual,,https://data.worldbank.org/indicator/FP.CPI.TOTL.ZG?locations=CR,2026-10-07T02:23:07Z,CC BY 4.0 (revisar excepciones por indicador en los metadatos)
IND-CRI-SL.UEM.TOTL.ZS-2010,CRI,SL.UEM.TOTL.ZS,"Unemployment, total (% of total labor force) (modeled ILO estimate)",2010,7.171,% de la fuerza laboral total,,https://data.worldbank.org/indicator/SL.UEM.TOTL.ZS?locations=CR,2026-10-07T02:23:09Z,CC BY 4.0 (revisar excepciones por indicador en los metadatos)
IND-CRI-SL.UEM.TOTL.ZS-2011,CRI,SL.UEM.TOTL.ZS,"Unemployment, total (% of total labor force) (modeled ILO estimate)",2011,9.518,% de la fuerza laboral total,,https://data.worldbank.org/indicator/SL.UEM.TOTL.ZS?locations=CR,2026-10-07T02:23:09Z,CC BY 4.0 (revisar excepciones por indicador en los metadatos)
IND-CRI-SL.UEM.TOTL.ZS-2012,CRI,SL.UEM.TOTL.ZS,"Unemployment, total (% of total labor force) (modeled ILO estimate)",2012,9.11,% de la fuerza laboral total,,https://data.worldbank.org/indicator/SL.UEM.TOTL.ZS?locations=CR,2026-10-07T02:23:09Z,CC BY 4.0 (revisar excepciones por indicador en los metadatos)
IND-CRI-SL.UEM.TOTL.ZS-2013,CRI,SL.UEM.TOTL.ZS,"Unemployment, total (% of total labor force) (modeled ILO estimate)",2013,8.218,% de la fuerza laboral total,,https://data.worldbank.org/indicator/SL.UEM.TOTL.ZS?locations=CR,2026-10-07T02:23:09Z,CC BY 4.0 (revisar excepciones por indicador en los metadatos)
IND-CRI-SL.UEM.TOTL.ZS-2014,CRI,SL.UEM.TOTL.ZS,"Unemployment, total (% of total labor force) (modeled ILO estimate)",2014,8.499,% de la fuerza laboral total,,https://data.worldbank.org/indicator/SL.UEM.TOTL.ZS?locations=CR,2026-10-07T02:23:09Z,CC BY 4.0 (revisar excepciones por indicador en los metadatos)
IND-CRI-SL.UEM.TOTL.ZS-2015,CRI,SL.UEM.TOTL.ZS,"Unemployment, total (% of total labor force) (modeled ILO estimate)",2015,8.415,% de la fuerza laboral total,,https://data.worldbank.org/indicator/SL.UEM.TOTL.ZS?locations=CR,2026-10-07T02:23:09Z,CC BY 4.0 (revisar excepciones por indicador en los metadatos)
IND-CRI-SL.UEM.TOTL.ZS-2016,CRI,SL.UEM.TOTL.ZS,"Unemployment, total (% of total labor force) (modeled ILO estimate)",2016,8.085,% de la fuerza laboral total,,https://data.worldbank.org/indicator/SL.UEM.TOTL.ZS?locations=CR,2026-10-07T02:23:09Z,CC BY 4.0 (revisar excepciones por indicador en los metadatos)
IND-CRI-SL.UEM.TOTL.ZS-2017,CRI,SL.UEM.TOTL.ZS,"Unemployment, total (% of total labor force) (modeled ILO estimate)",2017,7.729,% de la fuerza laboral total,,https://data.worldbank.org/indicator/SL.UEM.TOTL.ZS?locations=CR,2026-10-07T02:23:09Z,CC BY 4.0 (revisar excepciones por indicador en los metadatos)
IND-CRI-SL.UEM.TOTL.ZS-2018,CRI,SL.UEM.TOTL.ZS,"Unemployment, total (% of total labor force) (modeled ILO estimate)",2018,9.01,% de la fuerza laboral total,,https://data.worldbank.org/indicator/SL.UEM.TOTL.ZS?locations=CR,2026-10-07T02:23:09Z,CC BY 4.0 (revisar excepciones por indicador en los metadatos)
IND-CRI-SL.UEM.TOTL.ZS-2019,CRI,SL.UEM.TOTL.ZS,"Unemployment, total (% of total labor force) (modeled ILO estimate)",2019,10.807,% de la fuerza laboral total,,https://data.worldbank.org/indicator/SL.UEM.TOTL.ZS?locations=CR,2026-10-07T02:23:09Z,CC BY 4.0 (revisar excepciones por indicador en los metadatos)
IND-CRI-SL.UEM.TOTL.ZS-2020,CRI,SL.UEM.TOTL.ZS,"Unemployment, total (% of total labor force) (modeled ILO estimate)",2020,16.432,% de la fuerza laboral total,,https://data.worldbank.org/indicator/SL.UEM.TOTL.ZS?locations=CR,2026-10-07T02:23:09Z,CC BY 4.0 (revisar excepciones por indicador en los metadatos)
IND-CRI-SL.UEM.TOTL.ZS-2021,CRI,SL.UEM.TOTL.ZS,"Unemployment, total (% of total labor force) (modeled ILO estimate)",2021,15.139,% de la fuerza laboral total,,https://data.worldbank.org/indicator/SL.UEM.TOTL.ZS?locations=CR,2026-10-07T02:23:09Z,CC BY 4.0 (revisar excepciones por indicador en los metadatos)
IND-CRI-SL.UEM.TOTL.ZS-2022,CRI,SL.UEM.TOTL.ZS,"Unemployment, total (% of total labor force) (modeled ILO estimate)",2022,11.325,% de la fuerza laboral total,,https://data.worldbank.org/indicator/SL.UEM.TOTL.ZS?locations=CR,2026-10-07T02:23:09Z,CC BY 4.0 (revisar excepciones por indicador en los metadatos)
IND-CRI-SL.UEM.TOTL.ZS-2023,CRI,SL.UEM.TOTL.ZS,"Unemployment, total (% of total labor force) (modeled ILO estimate)",2023,8.325,% de la fuerza laboral total,,https://data.worldbank.org/indicator/SL.UEM.TOTL.ZS?locations=CR,2026-10-07T02:23:09Z,CC BY 4.0 (revisar excepciones por indicador en los metadatos)
IND-CRI-SL.UEM.TOTL.ZS-2024,CRI,SL.UEM.TOTL.ZS,"Unemployment, total (% of total labor force) (modeled ILO estimate)",2024,6.936,% de la fuerza laboral total,,https://data.worldbank.org/indicator/SL.UEM.TOTL.ZS?locations=CR,2026-10-07T02:23:09Z,CC BY 4.0 (revisar excepciones por indicador en los metadatos)
IND-CRI-SP.POP.TOTL-2010,CRI,SP.POP.TOTL,"Population, total",2010,4555962,personas,,https://data.worldbank.org/indicator/SP.POP.TOTL?locations=CR,2026-10-07T02:23:11Z,CC BY 4.0 (revisar excepciones por indicador en los metadatos)
IND-CRI-SP.POP.TOTL-2011,CRI,SP.POP.TOTL,"Population, total",2011,4609833,personas,,https://data.worldbank.org/indicator/SP.POP.TOTL?locations=CR,2026-10-07T02:23:11Z,CC BY 4.0 (revisar excepciones por indicador en los metadatos)
IND-CRI-SP.POP.TOTL-2012,CRI,SP.POP.TOTL,"Population, total",2012,4663934,personas,,https://data.worldbank.org/indicator/SP.POP.TOTL?locations=CR,2026-10-07T02:23:11Z,CC BY 4.0 (revisar excepciones por indicador en los metadatos)
IND-CRI-SP.POP.TOTL-2013,CRI,SP.POP.TOTL,"Population, total",2013,4716147,personas,,https://data.worldbank.org/indicator/SP.POP.TOTL?locations=CR,2026-10-07T02:23:11Z,CC BY 4.0 (revisar excepciones por indicador en los metadatos)
IND-CRI-SP.POP.TOTL-2014,CRI,SP.POP.TOTL,"Population, total",2014,4767119,personas,,https://data.worldbank.org/indicator/SP.POP.TOTL?locations=CR,2026-10-07T02:23:11Z,CC BY 4.0 (revisar excepciones por indicador en los metadatos)
IND-CRI-SP.POP.TOTL-2015,CRI,SP.POP.TOTL,"Population, total",2015,4818038,personas,,https://data.worldbank.org/indicator/SP.POP.TOTL?locations=CR,2026-10-07T02:23:11Z,CC BY 4.0 (revisar excepciones por indicador en los metadatos)
IND-CRI-SP.POP.TOTL-2016,CRI,SP.POP.TOTL,"Population, total",2016,4866998,personas,,https://data.worldbank.org/indicator/SP.POP.TOTL?locations=CR,2026-10-07T02:23:11Z,CC BY 4.0 (revisar excepciones por indicador en los metadatos)
IND-CRI-SP.POP.TOTL-2017,CRI,SP.POP.TOTL,"Population, total",2017,4913177,personas,,https://data.worldbank.org/indicator/SP.POP.TOTL?locations=CR,2026-10-07T02:23:11Z,CC BY 4.0 (revisar excepciones por indicador en los metadatos)
IND-CRI-SP.POP.TOTL-2018,CRI,SP.POP.TOTL,"Population, total",2018,4957818,personas,,https://data.worldbank.org/indicator/SP.POP.TOTL?locations=CR,2026-10-07T02:23:11Z,CC BY 4.0 (revisar excepciones por indicador en los metadatos)
IND-CRI-SP.POP.TOTL-2019,CRI,SP.POP.TOTL,"Population, total",2019,4999553,personas,,https://data.worldbank.org/indicator/SP.POP.TOTL?locations=CR,2026-10-07T02:23:11Z,CC BY 4.0 (revisar excepciones por indicador en los metadatos)
IND-CRI-SP.POP.TOTL-2020,CRI,SP.POP.TOTL,"Population, total",2020,5034320,personas,,https://data.worldbank.org/indicator/SP.POP.TOTL?locations=CR,2026-10-07T02:23:11Z,CC BY 4.0 (revisar excepciones por indicador en los metadatos)
IND-CRI-SP.POP.TOTL-2021,CRI,SP.POP.TOTL,"Population, total",2021,5059988,personas,,https://data.worldbank.org/indicator/SP.POP.TOTL?locations=CR,2026-10-07T02:23:11Z,CC BY 4.0 (revisar excepciones por indicador en los metadatos)
IND-CRI-SP.POP.TOTL-2022,CRI,SP.POP.TOTL,"Population, total",2022,5081765,personas,,https://data.worldbank.org/indicator/SP.POP.TOTL?locations=CR,2026-10-07T02:23:11Z,CC BY 4.0 (revisar excepciones por indicador en los metadatos)
IND-CRI-SP.POP.TOTL-2023,CRI,SP.POP.TOTL,"Population, total",2023,5105525,personas,,https://data.worldbank.org/indicator/SP.POP.TOTL?locations=CR,2026-10-07T02:23:11Z,CC BY 4.0 (revisar excepciones por indicador en los metadatos)
IND-CRI-SP.POP.TOTL-2024,CRI,SP.POP.TOTL,"Population, total",2024,5129910,personas,,https://data.worldbank.org/indicator/SP.POP.TOTL?locations=CR,2026-10-07T02:23:11Z,CC BY 4.0 (revisar excepciones por indicador en los metadatos)
IND-CRI-IT.NET.USER.ZS-2010,CRI,IT.NET.USER.ZS,Individuals using the Internet (% of population),2010,36.5,% de la población,,https://data.worldbank.org/indicator/IT.NET.USER.ZS?locations=CR,2026-10-07T02:23:13Z,CC BY 4.0 (revisar excepciones por indicador en los metadatos)
IND-CRI-IT.NET.USER.ZS-2011,CRI,IT.NET.USER.ZS,Individuals using the Internet (% of population),2011,39.2121959961842,% de la población,,https://data.worldbank.org/indicator/IT.NET.USER.ZS?locations=CR,2026-10-07T02:23:13Z,CC BY 4.0 (revisar excepciones por indicador en los metadatos)
IND-CRI-IT.NET.USER.ZS-2012,CRI,IT.NET.USER.ZS,Individuals using the Internet (% of population),2012,47.5,% de la población,,https://data.worldbank.org/indicator/IT.NET.USER.ZS?locations=CR,2026-10-07T02:23:13Z,CC BY 4.0 (revisar excepciones por indicador en los metadatos)
IND-CRI-IT.NET.USER.ZS-2013,CRI,IT.NET.USER.ZS,Individuals using the Internet (% of population),2013,45.96,% de la población,,https://data.worldbank.org/indicator/IT.NET.USER.ZS?locations=CR,2026-10-07T02:23:13Z,CC BY 4.0 (revisar excepciones por indicador en los metadatos)
IND-CRI-IT.NET.USER.ZS-2014,CRI,IT.NET.USER.ZS,Individuals using the Internet (% of population),2014,53,% de la población,,https://data.worldbank.org/indicator/IT.NET.USER.ZS?locations=CR,2026-10-07T02:23:13Z,CC BY 4.0 (revisar excepciones por indicador en los metadatos)
IND-CRI-IT.NET.USER.ZS-2015,CRI,IT.NET.USER.ZS,Individuals using the Internet (% of population),2015,59.7629501371681,% de la población,,https://data.worldbank.org/indicator/IT.NET.USER.ZS?locations=CR,2026-10-07T02:23:13Z,CC BY 4.0 (revisar excepciones por indicador en los metadatos)
IND-CRI-IT.NET.USER.ZS-2016,CRI,IT.NET.USER.ZS,Individuals using the Internet (% of population),2016,65.8804491942718,% de la población,,https://data.worldbank.org/indicator/IT.NET.USER.ZS?locations=CR,2026-10-07T02:23:13Z,CC BY 4.0 (revisar excepciones por indicador en los metadatos)
IND-CRI-IT.NET.USER.ZS-2017,CRI,IT.NET.USER.ZS,Individuals using the Internet (% of population),2017,71.5816646195022,% de la población,,https://data.worldbank.org/indicator/IT.NET.USER.ZS?locations=CR,2026-10-07T02:23:13Z,CC BY 4.0 (revisar excepciones por indicador en los metadatos)
IND-CRI-IT.NET.USER.ZS-2018,CRI,IT.NET.USER.ZS,Individuals using the Internet (% of population),2018,73.4797284369906,% de la población,,https://data.worldbank.org/indicator/IT.NET.USER.ZS?locations=CR,2026-10-07T02:23:13Z,CC BY 4.0 (revisar excepciones por indicador en los metadatos)
IND-CRI-IT.NET.USER.ZS-2019,CRI,IT.NET.USER.ZS,Individuals using the Internet (% of population),2019,81.2025964435269,% de la población,,https://data.worldbank.org/indicator/IT.NET.USER.ZS?locations=CR,2026-10-07T02:23:13Z,CC BY 4.0 (revisar excepciones por indicador en los metadatos)
IND-CRI-IT.NET.USER.ZS-2020,CRI,IT.NET.USER.ZS,Individuals using the Internet (% of population),2020,80.53018608,% de la población,,https://data.worldbank.org/indicator/IT.NET.USER.ZS?locations=CR,2026-10-07T02:23:13Z,CC BY 4.0 (revisar excepciones por indicador en los metadatos)
IND-CRI-IT.NET.USER.ZS-2021,CRI,IT.NET.USER.ZS,Individuals using the Internet (% of population),2021,82.74901607,% de la población,,https://data.worldbank.org/indicator/IT.NET.USER.ZS?locations=CR,2026-10-07T02:23:13Z,CC BY 4.0 (revisar excepciones por indicador en los metadatos)
IND-CRI-IT.NET.USER.ZS-2022,CRI,IT.NET.USER.ZS,Individuals using the Internet (% of population),2022,82.59801121,% de la población,,https://data.worldbank.org/indicator/IT.NET.USER.ZS?locations=CR,2026-10-07T02:23:13Z,CC BY 4.0 (revisar excepciones por indicador en los metadatos)
IND-CRI-IT.NET.USER.ZS-2023,CRI,IT.NET.USER.ZS,Individuals using the Internet (% of population),2023,85.39514799,% de la población,,https://data.worldbank.org/indicator/IT.NET.USER.ZS?locations=CR,2026-10-07T02:23:13Z,CC BY 4.0 (revisar excepciones por indicador en los metadatos)
IND-CRI-IT.NET.USER.ZS-2024,CRI,IT.NET.USER.ZS,Individuals using the Internet (% of population),2024,87.17019653,% de la población,,https://data.worldbank.org/indicator/IT.NET.USER.ZS?locations=CR,2026-10-07T02:23:13Z,CC BY 4.0 (revisar excepciones por indicador en los metadatos)
IND-CRI-NE.EXP.GNFS.ZS-2010,CRI,NE.EXP.GNFS.ZS,Exports of goods and services (% of GDP),2010,32.8294112720049,% del PIB,,https://data.worldbank.org/indicator/NE.EXP.GNFS.ZS?locations=CR,2026-10-07T02:23:15Z,CC BY 4.0 (revisar excepciones por indicador en los metadatos)
IND-CRI-NE.EXP.GNFS.ZS-2011,CRI,NE.EXP.GNFS.ZS,Exports of goods and services (% of GDP),2011,32.4724707460503,% del PIB,,https://data.worldbank.org/indicator/NE.EXP.GNFS.ZS?locations=CR,2026-10-07T02:23:15Z,CC BY 4.0 (revisar excepciones por indicador en los metadatos)
IND-CRI-NE.EXP.GNFS.ZS-2012,CRI,NE.EXP.GNFS.ZS,Exports of goods and services (% of GDP),2012,31.6513172644756,% del PIB,,https://data.worldbank.org/indicator/NE.EXP.GNFS.ZS?locations=CR,2026-10-07T02:23:15Z,CC BY 4.0 (revisar excepciones por indicador en los metadatos)
IND-CRI-NE.EXP.GNFS.ZS-2013,CRI,NE.EXP.GNFS.ZS,Exports of goods and services (% of GDP),2013,30.5916494074101,% del PIB,,https://data.worldbank.org/indicator/NE.EXP.GNFS.ZS?locations=CR,2026-10-07T02:23:15Z,CC BY 4.0 (revisar excepciones por indicador en los metadatos)
IND-CRI-NE.EXP.GNFS.ZS-2014,CRI,NE.EXP.GNFS.ZS,Exports of goods and services (% of GDP),2014,31.362915449766,% del PIB,,https://data.worldbank.org/indicator/NE.EXP.GNFS.ZS?locations=CR,2026-10-07T02:23:15Z,CC BY 4.0 (revisar excepciones por indicador en los metadatos)
IND-CRI-NE.EXP.GNFS.ZS-2015,CRI,NE.EXP.GNFS.ZS,Exports of goods and services (% of GDP),2015,29.9956579824958,% del PIB,,https://data.worldbank.org/indicator/NE.EXP.GNFS.ZS?locations=CR,2026-10-07T02:23:15Z,CC BY 4.0 (revisar excepciones por indicador en los metadatos)
IND-CRI-NE.EXP.GNFS.ZS-2016,CRI,NE.EXP.GNFS.ZS,Exports of goods and services (% of GDP),2016,31.2600961080703,% del PIB,,https://data.worldbank.org/indicator/NE.EXP.GNFS.ZS?locations=CR,2026-10-07T02:23:15Z,CC BY 4.0 (revisar excepciones por indicador en los metadatos)
IND-CRI-NE.EXP.GNFS.ZS-2017,CRI,NE.EXP.GNFS.ZS,Exports of goods and services (% of GDP),2017,32.7626831133763,% del PIB,,https://data.worldbank.org/indicator/NE.EXP.GNFS.ZS?locations=CR,2026-10-07T02:23:15Z,CC BY 4.0 (revisar excepciones por indicador en los metadatos)
IND-CRI-NE.EXP.GNFS.ZS-2018,CRI,NE.EXP.GNFS.ZS,Exports of goods and services (% of GDP),2018,33.6589195458941,% del PIB,,https://data.worldbank.org/indicator/NE.EXP.GNFS.ZS?locations=CR,2026-10-07T02:23:15Z,CC BY 4.0 (revisar excepciones por indicador en los metadatos)
IND-CRI-NE.EXP.GNFS.ZS-2019,CRI,NE.EXP.GNFS.ZS,Exports of goods and services (% of GDP),2019,34.1472985859666,% del PIB,,https://data.worldbank.org/indicator/NE.EXP.GNFS.ZS?locations=CR,2026-10-07T02:23:15Z,CC BY 4.0 (revisar excepciones por indicador en los metadatos)
IND-CRI-NE.EXP.GNFS.ZS-2020,CRI,NE.EXP.GNFS.ZS,Exports of goods and services (% of GDP),2020,31.6977144131717,% del PIB,,https://data.worldbank.org/indicator/NE.EXP.GNFS.ZS?locations=CR,2026-10-07T02:23:15Z,CC BY 4.0 (revisar excepciones por indicador en los metadatos)
IND-CRI-NE.EXP.GNFS.ZS-2021,CRI,NE.EXP.GNFS.ZS,Exports of goods and services (% of GDP),2021,35.8298587276824,% del PIB,,https://data.worldbank.org/indicator/NE.EXP.GNFS.ZS?locations=CR,2026-10-07T02:23:15Z,CC BY 4.0 (revisar excepciones por indicador en los metadatos)
IND-CRI-NE.EXP.GNFS.ZS-2022,CRI,NE.EXP.GNFS.ZS,Exports of goods and services (% of GDP),2022,40.5888104743828,% del PIB,,https://data.worldbank.org/indicator/NE.EXP.GNFS.ZS?locations=CR,2026-10-07T02:23:15Z,CC BY 4.0 (revisar excepciones por indicador en los metadatos)
IND-CRI-NE.EXP.GNFS.ZS-2023,CRI,NE.EXP.GNFS.ZS,Exports of goods and services (% of GDP),2023,38.0957487081207,% del PIB,,https://data.worldbank.org/indicator/NE.EXP.GNFS.ZS?locations=CR,2026-10-07T02:23:15Z,CC BY 4.0 (revisar excepciones por indicador en los metadatos)
IND-CRI-NE.EXP.GNFS.ZS-2024,CRI,NE.EXP.GNFS.ZS,Exports of goods and services (% of GDP),2024,37.5298397915012,% del PIB,,https://data.worldbank.org/indicator/NE.EXP.GNFS.ZS?locations=CR,2026-10-07T02:23:15Z,CC BY 4.0 (revisar excepciones por indicador en los metadatos)
IND-COL-NY.GDP.MKTP.KD.ZG-2010,COL,NY.GDP.MKTP.KD.ZG,GDP growth (annual %),2010,4.49465897070922,% anual,,https://data.worldbank.org/indicator/NY.GDP.MKTP.KD.ZG?locations=CO,2026-10-07T02:23:03Z,CC BY 4.0 (revisar excepciones por indicador en los metadatos)
IND-COL-NY.GDP.MKTP.KD.ZG-2011,COL,NY.GDP.MKTP.KD.ZG,GDP growth (annual %),2011,6.94789198173555,% anual,,https://data.worldbank.org/indicator/NY.GDP.MKTP.KD.ZG?locations=CO,2026-10-07T02:23:03Z,CC BY 4.0 (revisar excepciones por indicador en los metadatos)
IND-COL-NY.GDP.MKTP.KD.ZG-2012,COL,NY.GDP.MKTP.KD.ZG,GDP growth (annual %),2012,3.91263576716115,% anual,,https://data.worldbank.org/indicator/NY.GDP.MKTP.KD.ZG?locations=CO,2026-10-07T02:23:03Z,CC BY 4.0 (revisar excepciones por indicador en los metadatos)
IND-COL-NY.GDP.MKTP.KD.ZG-2013,COL,NY.GDP.MKTP.KD.ZG,GDP growth (annual %),2013,5.13399351995672,% anual,,https://data.worldbank.org/indicator/NY.GDP.MKTP.KD.ZG?locations=CO,2026-10-07T02:23:03Z,CC BY 4.0 (revisar excepciones por indicador en los metadatos)
IND-COL-NY.GDP.MKTP.KD.ZG-2014,COL,NY.GDP.MKTP.KD.ZG,GDP growth (annual %),2014,4.49903000110972,% anual,,https://data.worldbank.org/indicator/NY.GDP.MKTP.KD.ZG?locations=CO,2026-10-07T02:23:03Z,CC BY 4.0 (revisar excepciones por indicador en los metadatos)
IND-COL-NY.GDP.MKTP.KD.ZG-2015,COL,NY.GDP.MKTP.KD.ZG,GDP growth (annual %),2015,2.95590137527523,% anual,,https://data.worldbank.org/indicator/NY.GDP.MKTP.KD.ZG?locations=CO,2026-10-07T02:23:03Z,CC BY 4.0 (revisar excepciones por indicador en los metadatos)
IND-COL-NY.GDP.MKTP.KD.ZG-2016,COL,NY.GDP.MKTP.KD.ZG,GDP growth (annual %),2016,2.08738250162794,% anual,,https://data.worldbank.org/indicator/NY.GDP.MKTP.KD.ZG?locations=CO,2026-10-07T02:23:03Z,CC BY 4.0 (revisar excepciones por indicador en los metadatos)
IND-COL-NY.GDP.MKTP.KD.ZG-2017,COL,NY.GDP.MKTP.KD.ZG,GDP growth (annual %),2017,1.35936086788746,% anual,,https://data.worldbank.org/indicator/NY.GDP.MKTP.KD.ZG?locations=CO,2026-10-07T02:23:03Z,CC BY 4.0 (revisar excepciones por indicador en los metadatos)
IND-COL-NY.GDP.MKTP.KD.ZG-2018,COL,NY.GDP.MKTP.KD.ZG,GDP growth (annual %),2018,2.56432428277704,% anual,,https://data.worldbank.org/indicator/NY.GDP.MKTP.KD.ZG?locations=CO,2026-10-07T02:23:03Z,CC BY 4.0 (revisar excepciones por indicador en los metadatos)
IND-COL-NY.GDP.MKTP.KD.ZG-2019,COL,NY.GDP.MKTP.KD.ZG,GDP growth (annual %),2019,3.18685539245533,% anual,,https://data.worldbank.org/indicator/NY.GDP.MKTP.KD.ZG?locations=CO,2026-10-07T02:23:03Z,CC BY 4.0 (revisar excepciones por indicador en los metadatos)
IND-COL-NY.GDP.MKTP.KD.ZG-2020,COL,NY.GDP.MKTP.KD.ZG,GDP growth (annual %),2020,-7.18591413760859,% anual,,https://data.worldbank.org/indicator/NY.GDP.MKTP.KD.ZG?locations=CO,2026-10-07T02:23:03Z,CC BY 4.0 (revisar excepciones por indicador en los metadatos)
IND-COL-NY.GDP.MKTP.KD.ZG-2021,COL,NY.GDP.MKTP.KD.ZG,GDP growth (annual %),2021,10.8011981904878,% anual,,https://data.worldbank.org/indicator/NY.GDP.MKTP.KD.ZG?locations=CO,2026-10-07T02:23:03Z,CC BY 4.0 (revisar excepciones por indicador en los metadatos)
IND-COL-NY.GDP.MKTP.KD.ZG-2022,COL,NY.GDP.MKTP.KD.ZG,GDP growth (annual %),2022,7.32827729427979,% anual,,https://data.worldbank.org/indicator/NY.GDP.MKTP.KD.ZG?locations=CO,2026-10-07T02:23:03Z,CC BY 4.0 (revisar excepciones por indicador en los metadatos)
IND-COL-NY.GDP.MKTP.KD.ZG-2023,COL,NY.GDP.MKTP.KD.ZG,GDP growth (annual %),2023,0.841819555752039,% anual,,https://data.worldbank.org/indicator/NY.GDP.MKTP.KD.ZG?locations=CO,2026-10-07T02:23:03Z,CC BY 4.0 (revisar excepciones por indicador en los metadatos)
IND-COL-NY.GDP.MKTP.KD.ZG-2024,COL,NY.GDP.MKTP.KD.ZG,GDP growth (annual %),2024,1.49330728771066,% anual,,https://data.worldbank.org/indicator/NY.GDP.MKTP.KD.ZG?locations=CO,2026-10-07T02:23:03Z,CC BY 4.0 (revisar excepciones por indicador en los metadatos)
IND-COL-FP.CPI.TOTL.ZG-2010,COL,FP.CPI.TOTL.ZG,"Inflation, consumer prices (annual %)",2010,2.27200227892008,% anual,,https://data.worldbank.org/indicator/FP.CPI.TOTL.ZG?locations=CO,2026-10-07T02:23:07Z,CC BY 4.0 (revisar excepciones por indicador en los metadatos)
IND-COL-FP.CPI.TOTL.ZG-2011,COL,FP.CPI.TOTL.ZG,"Inflation, consumer prices (annual %)",2011,3.4150334477625,% anual,,https://data.worldbank.org/indicator/FP.CPI.TOTL.ZG?locations=CO,2026-10-07T02:23:07Z,CC BY 4.0 (revisar excepciones por indicador en los metadatos)
IND-COL-FP.CPI.TOTL.ZG-2012,COL,FP.CPI.TOTL.ZG,"Inflation, consumer prices (annual %)",2012,3.16930188840055,% anual,,https://data.worldbank.org/indicator/FP.CPI.TOTL.ZG?locations=CO,2026-10-07T02:23:07Z,CC BY 4.0 (revisar excepciones por indicador en los metadatos)
IND-COL-FP.CPI.TOTL.ZG-2013,COL,FP.CPI.TOTL.ZG,"Inflation, consumer prices (annual %)",2013,2.01699224310383,% anual,,https://data.worldbank.org/indicator/FP.CPI.TOTL.ZG?locations=CO,2026-10-07T02:23:07Z,CC BY 4.0 (revisar excepciones por indicador en los metadatos)
IND-COL-FP.CPI.TOTL.ZG-2014,COL,FP.CPI.TOTL.ZG,"Inflation, consumer prices (annual %)",2014,2.89883787761738,% anual,,https://data.worldbank.org/indicator/FP.CPI.TOTL.ZG?locations=CO,2026-10-07T02:23:07Z,CC BY 4.0 (revisar excepciones por indicador en los metadatos)
IND-COL-FP.CPI.TOTL.ZG-2015,COL,FP.CPI.TOTL.ZG,"Inflation, consumer prices (annual %)",2015,4.9898311584953,% anual,,https://data.worldbank.org/indicator/FP.CPI.TOTL.ZG?locations=CO,2026-10-07T02:23:07Z,CC BY 4.0 (revisar excepciones por indicador en los metadatos)
IND-COL-FP.CPI.TOTL.ZG-2016,COL,FP.CPI.TOTL.ZG,"Inflation, consumer prices (annual %)",2016,7.51346024627675,% anual,,https://data.worldbank.org/indicator/FP.CPI.TOTL.ZG?locations=CO,2026-10-07T02:23:07Z,CC BY 4.0 (revisar excepciones por indicador en los metadatos)
IND-COL-FP.CPI.TOTL.ZG-2017,COL,FP.CPI.TOTL.ZG,"Inflation, consumer prices (annual %)",2017,4.31431325695011,% anual,,https://data.worldbank.org/indicator/FP.CPI.TOTL.ZG?locations=CO,2026-10-07T02:23:07Z,CC BY 4.0 (revisar excepciones por indicador en los metadatos)
IND-COL-FP.CPI.TOTL.ZG-2018,COL,FP.CPI.TOTL.ZG,"Inflation, consumer prices (annual %)",2018,3.24056932930569,% anual,,https://data.worldbank.org/indicator/FP.CPI.TOTL.ZG?locations=CO,2026-10-07T02:23:07Z,CC BY 4.0 (revisar excepciones por indicador en los metadatos)
IND-COL-FP.CPI.TOTL.ZG-2019,COL,FP.CPI.TOTL.ZG,"Inflation, consumer prices (annual %)",2019,3.52301932741447,% anual,,https://data.worldbank.org/indicator/FP.CPI.TOTL.ZG?locations=CO,2026-10-07T02:23:07Z,CC BY 4.0 (revisar excepciones por indicador en los metadatos)
IND-COL-FP.CPI.TOTL.ZG-2020,COL,FP.CPI.TOTL.ZG,"Inflation, consumer prices (annual %)",2020,2.52663500084706,% anual,,https://data.worldbank.org/indicator/FP.CPI.TOTL.ZG?locations=CO,2026-10-07T02:23:07Z,CC BY 4.0 (revisar excepciones por indicador en los metadatos)
IND-COL-FP.CPI.TOTL.ZG-2021,COL,FP.CPI.TOTL.ZG,"Inflation, consumer prices (annual %)",2021,3.49505757399448,% anual,,https://data.worldbank.org/indicator/FP.CPI.TOTL.ZG?locations=CO,2026-10-07T02:23:07Z,CC BY 4.0 (revisar excepciones por indicador en los metadatos)
IND-COL-FP.CPI.TOTL.ZG-2022,COL,FP.CPI.TOTL.ZG,"Inflation, consumer prices (annual %)",2022,10.1772313546166,% anual,,https://data.worldbank.org/indicator/FP.CPI.TOTL.ZG?locations=CO,2026-10-07T02:23:07Z,CC BY 4.0 (revisar excepciones por indicador en los metadatos)
IND-COL-FP.CPI.TOTL.ZG-2023,COL,FP.CPI.TOTL.ZG,"Inflation, consumer prices (annual %)",2023,11.7359044948689,% anual,,https://data.worldbank.org/indicator/FP.CPI.TOTL.ZG?locations=CO,2026-10-07T02:23:07Z,CC BY 4.0 (revisar excepciones por indicador en los metadatos)
IND-COL-FP.CPI.TOTL.ZG-2024,COL,FP.CPI.TOTL.ZG,"Inflation, consumer prices (annual %)",2024,6.60908593728228,% anual,,https://data.worldbank.org/indicator/FP.CPI.TOTL.ZG?locations=CO,2026-10-07T02:23:07Z,CC BY 4.0 (revisar excepciones por indicador en los metadatos)
IND-COL-SL.UEM.TOTL.ZS-2010,COL,SL.UEM.TOTL.ZS,"Unemployment, total (% of total labor force) (modeled ILO estimate)",2010,11.153,% de la fuerza laboral total,,https://data.worldbank.org/indicator/SL.UEM.TOTL.ZS?locations=CO,2026-10-07T02:23:09Z,CC BY 4.0 (revisar excepciones por indicador en los metadatos)
IND-COL-SL.UEM.TOTL.ZS-2011,COL,SL.UEM.TOTL.ZS,"Unemployment, total (% of total labor force) (modeled ILO estimate)",2011,10.288,% de la fuerza laboral total,,https://data.worldbank.org/indicator/SL.UEM.TOTL.ZS?locations=CO,2026-10-07T02:23:09Z,CC BY 4.0 (revisar excepciones por indicador en los metadatos)
IND-COL-SL.UEM.TOTL.ZS-2012,COL,SL.UEM.TOTL.ZS,"Unemployment, total (% of total labor force) (modeled ILO estimate)",2012,9.959,% de la fuerza laboral total,,https://data.worldbank.org/indicator/SL.UEM.TOTL.ZS?locations=CO,2026-10-07T02:23:09Z,CC BY 4.0 (revisar excepciones por indicador en los metadatos)
IND-COL-SL.UEM.TOTL.ZS-2013,COL,SL.UEM.TOTL.ZS,"Unemployment, total (% of total labor force) (modeled ILO estimate)",2013,9.246,% de la fuerza laboral total,,https://data.worldbank.org/indicator/SL.UEM.TOTL.ZS?locations=CO,2026-10-07T02:23:09Z,CC BY 4.0 (revisar excepciones por indicador en los metadatos)
IND-COL-SL.UEM.TOTL.ZS-2014,COL,SL.UEM.TOTL.ZS,"Unemployment, total (% of total labor force) (modeled ILO estimate)",2014,8.799,% de la fuerza laboral total,,https://data.worldbank.org/indicator/SL.UEM.TOTL.ZS?locations=CO,2026-10-07T02:23:09Z,CC BY 4.0 (revisar excepciones por indicador en los metadatos)
IND-COL-SL.UEM.TOTL.ZS-2015,COL,SL.UEM.TOTL.ZS,"Unemployment, total (% of total labor force) (modeled ILO estimate)",2015,8.572,% de la fuerza laboral total,,https://data.worldbank.org/indicator/SL.UEM.TOTL.ZS?locations=CO,2026-10-07T02:23:09Z,CC BY 4.0 (revisar excepciones por indicador en los metadatos)
IND-COL-SL.UEM.TOTL.ZS-2016,COL,SL.UEM.TOTL.ZS,"Unemployment, total (% of total labor force) (modeled ILO estimate)",2016,8.922,% de la fuerza laboral total,,https://data.worldbank.org/indicator/SL.UEM.TOTL.ZS?locations=CO,2026-10-07T02:23:09Z,CC BY 4.0 (revisar excepciones por indicador en los metadatos)
IND-COL-SL.UEM.TOTL.ZS-2017,COL,SL.UEM.TOTL.ZS,"Unemployment, total (% of total labor force) (modeled ILO estimate)",2017,9.086,% de la fuerza laboral total,,https://data.worldbank.org/indicator/SL.UEM.TOTL.ZS?locations=CO,2026-10-07T02:23:09Z,CC BY 4.0 (revisar excepciones por indicador en los metadatos)
IND-COL-SL.UEM.TOTL.ZS-2018,COL,SL.UEM.TOTL.ZS,"Unemployment, total (% of total labor force) (modeled ILO estimate)",2018,9.36,% de la fuerza laboral total,,https://data.worldbank.org/indicator/SL.UEM.TOTL.ZS?locations=CO,2026-10-07T02:23:09Z,CC BY 4.0 (revisar excepciones por indicador en los metadatos)
IND-COL-SL.UEM.TOTL.ZS-2019,COL,SL.UEM.TOTL.ZS,"Unemployment, total (% of total labor force) (modeled ILO estimate)",2019,10.28,% de la fuerza laboral total,,https://data.worldbank.org/indicator/SL.UEM.TOTL.ZS?locations=CO,2026-10-07T02:23:09Z,CC BY 4.0 (revisar excepciones por indicador en los metadatos)
IND-COL-SL.UEM.TOTL.ZS-2020,COL,SL.UEM.TOTL.ZS,"Unemployment, total (% of total labor force) (modeled ILO estimate)",2020,15.983,% de la fuerza laboral total,,https://data.worldbank.org/indicator/SL.UEM.TOTL.ZS?locations=CO,2026-10-07T02:23:09Z,CC BY 4.0 (revisar excepciones por indicador en los metadatos)
IND-COL-SL.UEM.TOTL.ZS-2021,COL,SL.UEM.TOTL.ZS,"Unemployment, total (% of total labor force) (modeled ILO estimate)",2021,13.898,% de la fuerza laboral total,,https://data.worldbank.org/indicator/SL.UEM.TOTL.ZS?locations=CO,2026-10-07T02:23:09Z,CC BY 4.0 (revisar excepciones por indicador en los metadatos)
IND-COL-SL.UEM.TOTL.ZS-2022,COL,SL.UEM.TOTL.ZS,"Unemployment, total (% of total labor force) (modeled ILO estimate)",2022,10.541,% de la fuerza laboral total,,https://data.worldbank.org/indicator/SL.UEM.TOTL.ZS?locations=CO,2026-10-07T02:23:09Z,CC BY 4.0 (revisar excepciones por indicador en los metadatos)
IND-COL-SL.UEM.TOTL.ZS-2023,COL,SL.UEM.TOTL.ZS,"Unemployment, total (% of total labor force) (modeled ILO estimate)",2023,9.591,% de la fuerza laboral total,,https://data.worldbank.org/indicator/SL.UEM.TOTL.ZS?locations=CO,2026-10-07T02:23:09Z,CC BY 4.0 (revisar excepciones por indicador en los metadatos)
IND-COL-SL.UEM.TOTL.ZS-2024,COL,SL.UEM.TOTL.ZS,"Unemployment, total (% of total labor force) (modeled ILO estimate)",2024,9.619,% de la fuerza laboral total,,https://data.worldbank.org/indicator/SL.UEM.TOTL.ZS?locations=CO,2026-10-07T02:23:09Z,CC BY 4.0 (revisar excepciones por indicador en los metadatos)
IND-COL-SP.POP.TOTL-2010,COL,SP.POP.TOTL,"Population, total",2010,44777319,personas,,https://data.worldbank.org/indicator/SP.POP.TOTL?locations=CO,2026-10-07T02:23:11Z,CC BY 4.0 (revisar excepciones por indicador en los metadatos)
IND-COL-SP.POP.TOTL-2011,COL,SP.POP.TOTL,"Population, total",2011,45259614,personas,,https://data.worldbank.org/indicator/SP.POP.TOTL?locations=CO,2026-10-07T02:23:11Z,CC BY 4.0 (revisar excepciones por indicador en los metadatos)
IND-COL-SP.POP.TOTL-2012,COL,SP.POP.TOTL,"Population, total",2012,45715810,personas,,https://data.worldbank.org/indicator/SP.POP.TOTL?locations=CO,2026-10-07T02:23:11Z,CC BY 4.0 (revisar excepciones por indicador en los metadatos)
IND-COL-SP.POP.TOTL-2013,COL,SP.POP.TOTL,"Population, total",2013,46151584,personas,,https://data.worldbank.org/indicator/SP.POP.TOTL?locations=CO,2026-10-07T02:23:11Z,CC BY 4.0 (revisar excepciones por indicador en los metadatos)
IND-COL-SP.POP.TOTL-2014,COL,SP.POP.TOTL,"Population, total",2014,46565429,personas,,https://data.worldbank.org/indicator/SP.POP.TOTL?locations=CO,2026-10-07T02:23:11Z,CC BY 4.0 (revisar excepciones por indicador en los metadatos)
IND-COL-SP.POP.TOTL-2015,COL,SP.POP.TOTL,"Population, total",2015,46969940,personas,,https://data.worldbank.org/indicator/SP.POP.TOTL?locations=CO,2026-10-07T02:23:11Z,CC BY 4.0 (revisar excepciones por indicador en los metadatos)
IND-COL-SP.POP.TOTL-2016,COL,SP.POP.TOTL,"Population, total",2016,47437512,personas,,https://data.worldbank.org/indicator/SP.POP.TOTL?locations=CO,2026-10-07T02:23:11Z,CC BY 4.0 (revisar excepciones por indicador en los metadatos)
IND-COL-SP.POP.TOTL-2017,COL,SP.POP.TOTL,"Population, total",2017,48131078,personas,,https://data.worldbank.org/indicator/SP.POP.TOTL?locations=CO,2026-10-07T02:23:11Z,CC BY 4.0 (revisar excepciones por indicador en los metadatos)
IND-COL-SP.POP.TOTL-2018,COL,SP.POP.TOTL,"Population, total",2018,49024465,personas,,https://data.worldbank.org/indicator/SP.POP.TOTL?locations=CO,2026-10-07T02:23:11Z,CC BY 4.0 (revisar excepciones por indicador en los metadatos)
IND-COL-SP.POP.TOTL-2019,COL,SP.POP.TOTL,"Population, total",2019,49907985,personas,,https://data.worldbank.org/indicator/SP.POP.TOTL?locations=CO,2026-10-07T02:23:11Z,CC BY 4.0 (revisar excepciones por indicador en los metadatos)
IND-COL-SP.POP.TOTL-2020,COL,SP.POP.TOTL,"Population, total",2020,50629997,personas,,https://data.worldbank.org/indicator/SP.POP.TOTL?locations=CO,2026-10-07T02:23:11Z,CC BY 4.0 (revisar excepciones por indicador en los metadatos)
IND-COL-SP.POP.TOTL-2021,COL,SP.POP.TOTL,"Population, total",2021,51188173,personas,,https://data.worldbank.org/indicator/SP.POP.TOTL?locations=CO,2026-10-07T02:23:11Z,CC BY 4.0 (revisar excepciones por indicador en los metadatos)
IND-COL-SP.POP.TOTL-2022,COL,SP.POP.TOTL,"Population, total",2022,51737944,personas,,https://data.worldbank.org/indicator/SP.POP.TOTL?locations=CO,2026-10-07T02:23:11Z,CC BY 4.0 (revisar excepciones por indicador en los metadatos)
IND-COL-SP.POP.TOTL-2023,COL,SP.POP.TOTL,"Population, total",2023,52321152,personas,,https://data.worldbank.org/indicator/SP.POP.TOTL?locations=CO,2026-10-07T02:23:11Z,CC BY 4.0 (revisar excepciones por indicador en los metadatos)
IND-COL-SP.POP.TOTL-2024,COL,SP.POP.TOTL,"Population, total",2024,52886363,personas,,https://data.worldbank.org/indicator/SP.POP.TOTL?locations=CO,2026-10-07T02:23:11Z,CC BY 4.0 (revisar excepciones por indicador en los metadatos)
IND-COL-IT.NET.USER.ZS-2010,COL,IT.NET.USER.ZS,Individuals using the Internet (% of population),2010,36.5,% de la población,,https://data.worldbank.org/indicator/IT.NET.USER.ZS?locations=CO,2026-10-07T02:23:13Z,CC BY 4.0 (revisar excepciones por indicador en los metadatos)
IND-COL-IT.NET.USER.ZS-2011,COL,IT.NET.USER.ZS,Individuals using the Internet (% of population),2011,40.3509157546318,% de la población,,https://data.worldbank.org/indicator/IT.NET.USER.ZS?locations=CO,2026-10-07T02:23:13Z,CC BY 4.0 (revisar excepciones por indicador en los metadatos)
IND-COL-IT.NET.USER.ZS-2012,COL,IT.NET.USER.ZS,Individuals using the Internet (% of population),2012,48.98,% de la población,,https://data.worldbank.org/indicator/IT.NET.USER.ZS?locations=CO,2026-10-07T02:23:13Z,CC BY 4.0 (revisar excepciones por indicador en los metadatos)
IND-COL-IT.NET.USER.ZS-2013,COL,IT.NET.USER.ZS,Individuals using the Internet (% of population),2013,51.7,% de la población,,https://data.worldbank.org/indicator/IT.NET.USER.ZS?locations=CO,2026-10-07T02:23:13Z,CC BY 4.0 (revisar excepciones por indicador en los metadatos)
IND-COL-IT.NET.USER.ZS-2014,COL,IT.NET.USER.ZS,Individuals using the Internet (% of population),2014,52.568136539247,% de la población,,https://data.worldbank.org/indicator/IT.NET.USER.ZS?locations=CO,2026-10-07T02:23:13Z,CC BY 4.0 (revisar excepciones por indicador en los metadatos)
IND-COL-IT.NET.USER.ZS-2015,COL,IT.NET.USER.ZS,Individuals using the Internet (% of population),2015,55.9049725142924,% de la población,,https://data.worldbank.org/indicator/IT.NET.USER.ZS?locations=CO,2026-10-07T02:23:13Z,CC BY 4.0 (revisar excepciones por indicador en los metadatos)
IND-COL-IT.NET.USER.ZS-2016,COL,IT.NET.USER.ZS,Individuals using the Internet (% of population),2016,58.1364935728703,% de la población,,https://data.worldbank.org/indicator/IT.NET.USER.ZS?locations=CO,2026-10-07T02:23:13Z,CC BY 4.0 (revisar excepciones por indicador en los metadatos)
IND-COL-IT.NET.USER.ZS-2017,COL,IT.NET.USER.ZS,Individuals using the Internet (% of population),2017,62.2598803162841,% de la población,,https://data.worldbank.org/indicator/IT.NET.USER.ZS?locations=CO,2026-10-07T02:23:13Z,CC BY 4.0 (revisar excepciones por indicador en los metadatos)
IND-COL-IT.NET.USER.ZS-2018,COL,IT.NET.USER.ZS,Individuals using the Internet (% of population),2018,64.1263768204459,% de la población,,https://data.worldbank.org/indicator/IT.NET.USER.ZS?locations=CO,2026-10-07T02:23:13Z,CC BY 4.0 (revisar excepciones por indicador en los metadatos)
IND-COL-IT.NET.USER.ZS-2019,COL,IT.NET.USER.ZS,Individuals using the Internet (% of population),2019,65.0069007159493,% de la población,,https://data.worldbank.org/indicator/IT.NET.USER.ZS?locations=CO,2026-10-07T02:23:13Z,CC BY 4.0 (revisar excepciones por indicador en los metadatos)
IND-COL-IT.NET.USER.ZS-2020,COL,IT.NET.USER.ZS,Individuals using the Internet (% of population),2020,69.79533474,% de la población,,https://data.worldbank.org/indicator/IT.NET.USER.ZS?locations=CO,2026-10-07T02:23:13Z,CC BY 4.0 (revisar excepciones por indicador en los metadatos)
IND-COL-IT.NET.USER.ZS-2021,COL,IT.NET.USER.ZS,Individuals using the Internet (% of population),2021,73.02837449,% de la población,,https://data.worldbank.org/indicator/IT.NET.USER.ZS?locations=CO,2026-10-07T02:23:13Z,CC BY 4.0 (revisar excepciones por indicador en los metadatos)
IND-COL-IT.NET.USER.ZS-2022,COL,IT.NET.USER.ZS,Individuals using the Internet (% of population),2022,72.79637855,% de la población,,https://data.worldbank.org/indicator/IT.NET.USER.ZS?locations=CO,2026-10-07T02:23:13Z,CC BY 4.0 (revisar excepciones por indicador en los metadatos)
IND-COL-IT.NET.USER.ZS-2023,COL,IT.NET.USER.ZS,Individuals using the Internet (% of population),2023,77.33686322,% de la población,,https://data.worldbank.org/indicator/IT.NET.USER.ZS?locations=CO,2026-10-07T02:23:13Z,CC BY 4.0 (revisar excepciones por indicador en los metadatos)
IND-COL-IT.NET.USER.ZS-2024,COL,IT.NET.USER.ZS,Individuals using the Internet (% of population),2024,79.34543299,% de la población,,https://data.worldbank.org/indicator/IT.NET.USER.ZS?locations=CO,2026-10-07T02:23:13Z,CC BY 4.0 (revisar excepciones por indicador en los metadatos)
IND-COL-NE.EXP.GNFS.ZS-2010,COL,NE.EXP.GNFS.ZS,Exports of goods and services (% of GDP),2010,16.3408447597691,% del PIB,,https://data.worldbank.org/indicator/NE.EXP.GNFS.ZS?locations=CO,2026-10-07T02:23:15Z,CC BY 4.0 (revisar excepciones por indicador en los metadatos)
IND-COL-NE.EXP.GNFS.ZS-2011,COL,NE.EXP.GNFS.ZS,Exports of goods and services (% of GDP),2011,19.2765050733171,% del PIB,,https://data.worldbank.org/indicator/NE.EXP.GNFS.ZS?locations=CO,2026-10-07T02:23:15Z,CC BY 4.0 (revisar excepciones por indicador en los metadatos)
IND-COL-NE.EXP.GNFS.ZS-2012,COL,NE.EXP.GNFS.ZS,Exports of goods and services (% of GDP),2012,18.8112052836654,% del PIB,,https://data.worldbank.org/indicator/NE.EXP.GNFS.ZS?locations=CO,2026-10-07T02:23:15Z,CC BY 4.0 (revisar excepciones por indicador en los metadatos)
IND-COL-NE.EXP.GNFS.ZS-2013,COL,NE.EXP.GNFS.ZS,Exports of goods and services (% of GDP),2013,18.0864397214368,% del PIB,,https://data.worldbank.org/indicator/NE.EXP.GNFS.ZS?locations=CO,2026-10-07T02:23:15Z,CC BY 4.0 (revisar excepciones por indicador en los metadatos)
IND-COL-NE.EXP.GNFS.ZS-2014,COL,NE.EXP.GNFS.ZS,Exports of goods and services (% of GDP),2014,16.6347491096509,% del PIB,,https://data.worldbank.org/indicator/NE.EXP.GNFS.ZS?locations=CO,2026-10-07T02:23:15Z,CC BY 4.0 (revisar excepciones por indicador en los metadatos)
IND-COL-NE.EXP.GNFS.ZS-2015,COL,NE.EXP.GNFS.ZS,Exports of goods and services (% of GDP),2015,15.6502115094968,% del PIB,,https://data.worldbank.org/indicator/NE.EXP.GNFS.ZS?locations=CO,2026-10-07T02:23:15Z,CC BY 4.0 (revisar excepciones por indicador en los metadatos)
IND-COL-NE.EXP.GNFS.ZS-2016,COL,NE.EXP.GNFS.ZS,Exports of goods and services (% of GDP),2016,14.7171392781975,% del PIB,,https://data.worldbank.org/indicator/NE.EXP.GNFS.ZS?locations=CO,2026-10-07T02:23:15Z,CC BY 4.0 (revisar excepciones por indicador en los metadatos)
IND-COL-NE.EXP.GNFS.ZS-2017,COL,NE.EXP.GNFS.ZS,Exports of goods and services (% of GDP),2017,15.1452897484005,% del PIB,,https://data.worldbank.org/indicator/NE.EXP.GNFS.ZS?locations=CO,2026-10-07T02:23:15Z,CC BY 4.0 (revisar excepciones por indicador en los metadatos)
IND-COL-NE.EXP.GNFS.ZS-2018,COL,NE.EXP.GNFS.ZS,Exports of goods and services (% of GDP),2018,15.8997196775431,% del PIB,,https://data.worldbank.org/indicator/NE.EXP.GNFS.ZS?locations=CO,2026-10-07T02:23:15Z,CC BY 4.0 (revisar excepciones por indicador en los metadatos)
IND-COL-NE.EXP.GNFS.ZS-2019,COL,NE.EXP.GNFS.ZS,Exports of goods and services (% of GDP),2019,15.8680386541241,% del PIB,,https://data.worldbank.org/indicator/NE.EXP.GNFS.ZS?locations=CO,2026-10-07T02:23:15Z,CC BY 4.0 (revisar excepciones por indicador en los metadatos)
IND-COL-NE.EXP.GNFS.ZS-2020,COL,NE.EXP.GNFS.ZS,Exports of goods and services (% of GDP),2020,13.5222755593302,% del PIB,,https://data.worldbank.org/indicator/NE.EXP.GNFS.ZS?locations=CO,2026-10-07T02:23:15Z,CC BY 4.0 (revisar excepciones por indicador en los metadatos)
IND-COL-NE.EXP.GNFS.ZS-2021,COL,NE.EXP.GNFS.ZS,Exports of goods and services (% of GDP),2021,16.1970059548864,% del PIB,,https://data.worldbank.org/indicator/NE.EXP.GNFS.ZS?locations=CO,2026-10-07T02:23:15Z,CC BY 4.0 (revisar excepciones por indicador en los metadatos)
IND-COL-NE.EXP.GNFS.ZS-2022,COL,NE.EXP.GNFS.ZS,Exports of goods and services (% of GDP),2022,20.3883679938331,% del PIB,,https://data.worldbank.org/indicator/NE.EXP.GNFS.ZS?locations=CO,2026-10-07T02:23:15Z,CC BY 4.0 (revisar excepciones por indicador en los metadatos)
IND-COL-NE.EXP.GNFS.ZS-2023,COL,NE.EXP.GNFS.ZS,Exports of goods and services (% of GDP),2023,17.8077746975806,% del PIB,,https://data.worldbank.org/indicator/NE.EXP.GNFS.ZS?locations=CO,2026-10-07T02:23:15Z,CC BY 4.0 (revisar excepciones por indicador en los metadatos)
IND-COL-NE.EXP.GNFS.ZS-2024,COL,NE.EXP.GNFS.ZS,Exports of goods and services (% of GDP),2024,16.0804545104347,% del PIB,,https://data.worldbank.org/indicator/NE.EXP.GNFS.ZS?locations=CO,2026-10-07T02:23:15Z,CC BY 4.0 (revisar excepciones por indicador en los metadatos)
IND-DOM-NY.GDP.MKTP.KD.ZG-2010,DOM,NY.GDP.MKTP.KD.ZG,GDP growth (annual %),2010,8.40114541209596,% anual,,https://data.worldbank.org/indicator/NY.GDP.MKTP.KD.ZG?locations=DO,2026-10-07T02:23:03Z,CC BY 4.0 (revisar excepciones por indicador en los metadatos)
IND-DOM-NY.GDP.MKTP.KD.ZG-2011,DOM,NY.GDP.MKTP.KD.ZG,GDP growth (annual %),2011,3.19196227475523,% anual,,https://data.worldbank.org/indicator/NY.GDP.MKTP.KD.ZG?locations=DO,2026-10-07T02:23:03Z,CC BY 4.0 (revisar excepciones por indicador en los metadatos)
IND-DOM-NY.GDP.MKTP.KD.ZG-2012,DOM,NY.GDP.MKTP.KD.ZG,GDP growth (annual %),2012,2.77567100848816,% anual,,https://data.worldbank.org/indicator/NY.GDP.MKTP.KD.ZG?locations=DO,2026-10-07T02:23:03Z,CC BY 4.0 (revisar excepciones por indicador en los metadatos)
IND-DOM-NY.GDP.MKTP.KD.ZG-2013,DOM,NY.GDP.MKTP.KD.ZG,GDP growth (annual %),2013,4.93473300709881,% anual,,https://data.worldbank.org/indicator/NY.GDP.MKTP.KD.ZG?locations=DO,2026-10-07T02:23:03Z,CC BY 4.0 (revisar excepciones por indicador en los metadatos)
IND-DOM-NY.GDP.MKTP.KD.ZG-2014,DOM,NY.GDP.MKTP.KD.ZG,GDP growth (annual %),2014,7.11122629673892,% anual,,https://data.worldbank.org/indicator/NY.GDP.MKTP.KD.ZG?locations=DO,2026-10-07T02:23:03Z,CC BY 4.0 (revisar excepciones por indicador en los metadatos)
IND-DOM-NY.GDP.MKTP.KD.ZG-2015,DOM,NY.GDP.MKTP.KD.ZG,GDP growth (annual %),2015,6.98771131236387,% anual,,https://data.worldbank.org/indicator/NY.GDP.MKTP.KD.ZG?locations=DO,2026-10-07T02:23:03Z,CC BY 4.0 (revisar excepciones por indicador en los metadatos)
IND-DOM-NY.GDP.MKTP.KD.ZG-2016,DOM,NY.GDP.MKTP.KD.ZG,GDP growth (annual %),2016,6.71974078681295,% anual,,https://data.worldbank.org/indicator/NY.GDP.MKTP.KD.ZG?locations=DO,2026-10-07T02:23:03Z,CC BY 4.0 (revisar excepciones por indicador en los metadatos)
IND-DOM-NY.GDP.MKTP.KD.ZG-2017,DOM,NY.GDP.MKTP.KD.ZG,GDP growth (annual %),2017,3.93386176401576,% anual,,https://data.worldbank.org/indicator/NY.GDP.MKTP.KD.ZG?locations=DO,2026-10-07T02:23:03Z,CC BY 4.0 (revisar excepciones por indicador en los metadatos)
IND-DOM-NY.GDP.MKTP.KD.ZG-2018,DOM,NY.GDP.MKTP.KD.ZG,GDP growth (annual %),2018,7.09751640210159,% anual,,https://data.worldbank.org/indicator/NY.GDP.MKTP.KD.ZG?locations=DO,2026-10-07T02:23:03Z,CC BY 4.0 (revisar excepciones por indicador en los metadatos)
IND-DOM-NY.GDP.MKTP.KD.ZG-2019,DOM,NY.GDP.MKTP.KD.ZG,GDP growth (annual %),2019,4.8940301149584,% anual,,https://data.worldbank.org/indicator/NY.GDP.MKTP.KD.ZG?locations=DO,2026-10-07T02:23:03Z,CC BY 4.0 (revisar excepciones por indicador en los metadatos)
IND-DOM-NY.GDP.MKTP.KD.ZG-2020,DOM,NY.GDP.MKTP.KD.ZG,GDP growth (annual %),2020,-7.92905234231061,% anual,,https://data.worldbank.org/indicator/NY.GDP.MKTP.KD.ZG?locations=DO,2026-10-07T02:23:03Z,CC BY 4.0 (revisar excepciones por indicador en los metadatos)
IND-DOM-NY.GDP.MKTP.KD.ZG-2021,DOM,NY.GDP.MKTP.KD.ZG,GDP growth (annual %),2021,14.0124289062207,% anual,,https://data.worldbank.org/indicator/NY.GDP.MKTP.KD.ZG?locations=DO,2026-10-07T02:23:03Z,CC BY 4.0 (revisar excepciones por indicador en los metadatos)
IND-DOM-NY.GDP.MKTP.KD.ZG-2022,DOM,NY.GDP.MKTP.KD.ZG,GDP growth (annual %),2022,5.23795652902595,% anual,,https://data.worldbank.org/indicator/NY.GDP.MKTP.KD.ZG?locations=DO,2026-10-07T02:23:03Z,CC BY 4.0 (revisar excepciones por indicador en los metadatos)
IND-DOM-NY.GDP.MKTP.KD.ZG-2023,DOM,NY.GDP.MKTP.KD.ZG,GDP growth (annual %),2023,2.19229848237939,% anual,,https://data.worldbank.org/indicator/NY.GDP.MKTP.KD.ZG?locations=DO,2026-10-07T02:23:03Z,CC BY 4.0 (revisar excepciones por indicador en los metadatos)
IND-DOM-NY.GDP.MKTP.KD.ZG-2024,DOM,NY.GDP.MKTP.KD.ZG,GDP growth (annual %),2024,4.95352204492849,% anual,,https://data.worldbank.org/indicator/NY.GDP.MKTP.KD.ZG?locations=DO,2026-10-07T02:23:03Z,CC BY 4.0 (revisar excepciones por indicador en los metadatos)
IND-DOM-FP.CPI.TOTL.ZG-2010,DOM,FP.CPI.TOTL.ZG,"Inflation, consumer prices (annual %)",2010,6.32993220146146,% anual,,https://data.worldbank.org/indicator/FP.CPI.TOTL.ZG?locations=DO,2026-10-07T02:23:07Z,CC BY 4.0 (revisar excepciones por indicador en los metadatos)
IND-DOM-FP.CPI.TOTL.ZG-2011,DOM,FP.CPI.TOTL.ZG,"Inflation, consumer prices (annual %)",2011,5.79676809206533,% anual,,https://data.worldbank.org/indicator/FP.CPI.TOTL.ZG?locations=DO,2026-10-07T02:23:07Z,CC BY 4.0 (revisar excepciones por indicador en los metadatos)
IND-DOM-FP.CPI.TOTL.ZG-2012,DOM,FP.CPI.TOTL.ZG,"Inflation, consumer prices (annual %)",2012,3.69449707884777,% anual,,https://data.worldbank.org/indicator/FP.CPI.TOTL.ZG?locations=DO,2026-10-07T02:23:07Z,CC BY 4.0 (revisar excepciones por indicador en los metadatos)
IND-DOM-FP.CPI.TOTL.ZG-2013,DOM,FP.CPI.TOTL.ZG,"Inflation, consumer prices (annual %)",2013,4.830950967408,% anual,,https://data.worldbank.org/indicator/FP.CPI.TOTL.ZG?locations=DO,2026-10-07T02:23:07Z,CC BY 4.0 (revisar excepciones por indicador en los metadatos)
IND-DOM-FP.CPI.TOTL.ZG-2014,DOM,FP.CPI.TOTL.ZG,"Inflation, consumer prices (annual %)",2014,2.99864226125219,% anual,,https://data.worldbank.org/indicator/FP.CPI.TOTL.ZG?locations=DO,2026-10-07T02:23:07Z,CC BY 4.0 (revisar excepciones por indicador en los metadatos)
IND-DOM-FP.CPI.TOTL.ZG-2015,DOM,FP.CPI.TOTL.ZG,"Inflation, consumer prices (annual %)",2015,0.836746346724557,% anual,,https://data.worldbank.org/indicator/FP.CPI.TOTL.ZG?locations=DO,2026-10-07T02:23:07Z,CC BY 4.0 (revisar excepciones por indicador en los metadatos)
IND-DOM-FP.CPI.TOTL.ZG-2016,DOM,FP.CPI.TOTL.ZG,"Inflation, consumer prices (annual %)",2016,1.61416607245223,% anual,,https://data.worldbank.org/indicator/FP.CPI.TOTL.ZG?locations=DO,2026-10-07T02:23:07Z,CC BY 4.0 (revisar excepciones por indicador en los metadatos)
IND-DOM-FP.CPI.TOTL.ZG-2017,DOM,FP.CPI.TOTL.ZG,"Inflation, consumer prices (annual %)",2017,3.27955694678546,% anual,,https://data.worldbank.org/indicator/FP.CPI.TOTL.ZG?locations=DO,2026-10-07T02:23:07Z,CC BY 4.0 (revisar excepciones por indicador en los metadatos)
IND-DOM-FP.CPI.TOTL.ZG-2018,DOM,FP.CPI.TOTL.ZG,"Inflation, consumer prices (annual %)",2018,3.56443426013508,% anual,,https://data.worldbank.org/indicator/FP.CPI.TOTL.ZG?locations=DO,2026-10-07T02:23:07Z,CC BY 4.0 (revisar excepciones por indicador en los metadatos)
IND-DOM-FP.CPI.TOTL.ZG-2019,DOM,FP.CPI.TOTL.ZG,"Inflation, consumer prices (annual %)",2019,1.81060377042959,% anual,,https://data.worldbank.org/indicator/FP.CPI.TOTL.ZG?locations=DO,2026-10-07T02:23:07Z,CC BY 4.0 (revisar excepciones por indicador en los metadatos)
IND-DOM-FP.CPI.TOTL.ZG-2020,DOM,FP.CPI.TOTL.ZG,"Inflation, consumer prices (annual %)",2020,3.78103179915517,% anual,,https://data.worldbank.org/indicator/FP.CPI.TOTL.ZG?locations=DO,2026-10-07T02:23:07Z,CC BY 4.0 (revisar excepciones por indicador en los metadatos)
IND-DOM-FP.CPI.TOTL.ZG-2021,DOM,FP.CPI.TOTL.ZG,"Inflation, consumer prices (annual %)",2021,8.24300347981809,% anual,,https://data.worldbank.org/indicator/FP.CPI.TOTL.ZG?locations=DO,2026-10-07T02:23:07Z,CC BY 4.0 (revisar excepciones por indicador en los metadatos)
IND-DOM-FP.CPI.TOTL.ZG-2022,DOM,FP.CPI.TOTL.ZG,"Inflation, consumer prices (annual %)",2022,8.81109209279587,% anual,,https://data.worldbank.org/indicator/FP.CPI.TOTL.ZG?locations=DO,2026-10-07T02:23:07Z,CC BY 4.0 (revisar excepciones por indicador en los metadatos)
IND-DOM-FP.CPI.TOTL.ZG-2023,DOM,FP.CPI.TOTL.ZG,"Inflation, consumer prices (annual %)",2023,4.78561281021135,% anual,,https://data.worldbank.org/indicator/FP.CPI.TOTL.ZG?locations=DO,2026-10-07T02:23:07Z,CC BY 4.0 (revisar excepciones por indicador en los metadatos)
IND-DOM-FP.CPI.TOTL.ZG-2024,DOM,FP.CPI.TOTL.ZG,"Inflation, consumer prices (annual %)",2024,3.30223338951227,% anual,,https://data.worldbank.org/indicator/FP.CPI.TOTL.ZG?locations=DO,2026-10-07T02:23:07Z,CC BY 4.0 (revisar excepciones por indicador en los metadatos)
IND-DOM-SL.UEM.TOTL.ZS-2010,DOM,SL.UEM.TOTL.ZS,"Unemployment, total (% of total labor force) (modeled ILO estimate)",2010,5.212,% de la fuerza laboral total,,https://data.worldbank.org/indicator/SL.UEM.TOTL.ZS?locations=DO,2026-10-07T02:23:09Z,CC BY 4.0 (revisar excepciones por indicador en los metadatos)
IND-DOM-SL.UEM.TOTL.ZS-2011,DOM,SL.UEM.TOTL.ZS,"Unemployment, total (% of total labor force) (modeled ILO estimate)",2011,6.087,% de la fuerza laboral total,,https://data.worldbank.org/indicator/SL.UEM.TOTL.ZS?locations=DO,2026-10-07T02:23:09Z,CC BY 4.0 (revisar excepciones por indicador en los metadatos)
IND-DOM-SL.UEM.TOTL.ZS-2012,DOM,SL.UEM.TOTL.ZS,"Unemployment, total (% of total labor force) (modeled ILO estimate)",2012,6.722,% de la fuerza laboral total,,https://data.worldbank.org/indicator/SL.UEM.TOTL.ZS?locations=DO,2026-10-07T02:23:09Z,CC BY 4.0 (revisar excepciones por indicador en los metadatos)
IND-DOM-SL.UEM.TOTL.ZS-2013,DOM,SL.UEM.TOTL.ZS,"Unemployment, total (% of total labor force) (modeled ILO estimate)",2013,7.351,% de la fuerza laboral total,,https://data.worldbank.org/indicator/SL.UEM.TOTL.ZS?locations=DO,2026-10-07T02:23:09Z,CC BY 4.0 (revisar excepciones por indicador en los metadatos)
IND-DOM-SL.UEM.TOTL.ZS-2014,DOM,SL.UEM.TOTL.ZS,"Unemployment, total (% of total labor force) (modeled ILO estimate)",2014,6.719,% de la fuerza laboral total,,https://data.worldbank.org/indicator/SL.UEM.TOTL.ZS?locations=DO,2026-10-07T02:23:09Z,CC BY 4.0 (revisar excepciones por indicador en los metadatos)
IND-DOM-SL.UEM.TOTL.ZS-2015,DOM,SL.UEM.TOTL.ZS,"Unemployment, total (% of total labor force) (modeled ILO estimate)",2015,7.605,% de la fuerza laboral total,,https://data.worldbank.org/indicator/SL.UEM.TOTL.ZS?locations=DO,2026-10-07T02:23:09Z,CC BY 4.0 (revisar excepciones por indicador en los metadatos)
IND-DOM-SL.UEM.TOTL.ZS-2016,DOM,SL.UEM.TOTL.ZS,"Unemployment, total (% of total labor force) (modeled ILO estimate)",2016,7.284,% de la fuerza laboral total,,https://data.worldbank.org/indicator/SL.UEM.TOTL.ZS?locations=DO,2026-10-07T02:23:09Z,CC BY 4.0 (revisar excepciones por indicador en los metadatos)
IND-DOM-SL.UEM.TOTL.ZS-2017,DOM,SL.UEM.TOTL.ZS,"Unemployment, total (% of total labor force) (modeled ILO estimate)",2017,5.832,% de la fuerza laboral total,,https://data.worldbank.org/indicator/SL.UEM.TOTL.ZS?locations=DO,2026-10-07T02:23:09Z,CC BY 4.0 (revisar excepciones por indicador en los metadatos)
IND-DOM-SL.UEM.TOTL.ZS-2018,DOM,SL.UEM.TOTL.ZS,"Unemployment, total (% of total labor force) (modeled ILO estimate)",2018,5.861,% de la fuerza laboral total,,https://data.worldbank.org/indicator/SL.UEM.TOTL.ZS?locations=DO,2026-10-07T02:23:09Z,CC BY 4.0 (revisar excepciones por indicador en los metadatos)
IND-DOM-SL.UEM.TOTL.ZS-2019,DOM,SL.UEM.TOTL.ZS,"Unemployment, total (% of total labor force) (modeled ILO estimate)",2019,6.356,% de la fuerza laboral total,,https://data.worldbank.org/indicator/SL.UEM.TOTL.ZS?locations=DO,2026-10-07T02:23:09Z,CC BY 4.0 (revisar excepciones por indicador en los metadatos)
IND-DOM-SL.UEM.TOTL.ZS-2020,DOM,SL.UEM.TOTL.ZS,"Unemployment, total (% of total labor force) (modeled ILO estimate)",2020,6.126,% de la fuerza laboral total,,https://data.worldbank.org/indicator/SL.UEM.TOTL.ZS?locations=DO,2026-10-07T02:23:09Z,CC BY 4.0 (revisar excepciones por indicador en los metadatos)
IND-DOM-SL.UEM.TOTL.ZS-2021,DOM,SL.UEM.TOTL.ZS,"Unemployment, total (% of total labor force) (modeled ILO estimate)",2021,7.702,% de la fuerza laboral total,,https://data.worldbank.org/indicator/SL.UEM.TOTL.ZS?locations=DO,2026-10-07T02:23:09Z,CC BY 4.0 (revisar excepciones por indicador en los metadatos)
IND-DOM-SL.UEM.TOTL.ZS-2022,DOM,SL.UEM.TOTL.ZS,"Unemployment, total (% of total labor force) (modeled ILO estimate)",2022,5.504,% de la fuerza laboral total,,https://data.worldbank.org/indicator/SL.UEM.TOTL.ZS?locations=DO,2026-10-07T02:23:09Z,CC BY 4.0 (revisar excepciones por indicador en los metadatos)
IND-DOM-SL.UEM.TOTL.ZS-2023,DOM,SL.UEM.TOTL.ZS,"Unemployment, total (% of total labor force) (modeled ILO estimate)",2023,5.555,% de la fuerza laboral total,,https://data.worldbank.org/indicator/SL.UEM.TOTL.ZS?locations=DO,2026-10-07T02:23:09Z,CC BY 4.0 (revisar excepciones por indicador en los metadatos)
IND-DOM-SL.UEM.TOTL.ZS-2024,DOM,SL.UEM.TOTL.ZS,"Unemployment, total (% of total labor force) (modeled ILO estimate)",2024,5.312,% de la fuerza laboral total,,https://data.worldbank.org/indicator/SL.UEM.TOTL.ZS?locations=DO,2026-10-07T02:23:09Z,CC BY 4.0 (revisar excepciones por indicador en los metadatos)
IND-DOM-SP.POP.TOTL-2010,DOM,SP.POP.TOTL,"Population, total",2010,9820175,personas,,https://data.worldbank.org/indicator/SP.POP.TOTL?locations=DO,2026-10-07T02:23:11Z,CC BY 4.0 (revisar excepciones por indicador en los metadatos)
IND-DOM-SP.POP.TOTL-2011,DOM,SP.POP.TOTL,"Population, total",2011,9945621,personas,,https://data.worldbank.org/indicator/SP.POP.TOTL?locations=DO,2026-10-07T02:23:11Z,CC BY 4.0 (revisar excepciones por indicador en los metadatos)
IND-DOM-SP.POP.TOTL-2012,DOM,SP.POP.TOTL,"Population, total",2012,10070411,personas,,https://data.worldbank.org/indicator/SP.POP.TOTL?locations=DO,2026-10-07T02:23:11Z,CC BY 4.0 (revisar excepciones por indicador en los metadatos)
IND-DOM-SP.POP.TOTL-2013,DOM,SP.POP.TOTL,"Population, total",2013,10193833,personas,,https://data.worldbank.org/indicator/SP.POP.TOTL?locations=DO,2026-10-07T02:23:11Z,CC BY 4.0 (revisar excepciones por indicador en los metadatos)
IND-DOM-SP.POP.TOTL-2014,DOM,SP.POP.TOTL,"Population, total",2014,10315528,personas,,https://data.worldbank.org/indicator/SP.POP.TOTL?locations=DO,2026-10-07T02:23:11Z,CC BY 4.0 (revisar excepciones por indicador en los metadatos)
IND-DOM-SP.POP.TOTL-2015,DOM,SP.POP.TOTL,"Population, total",2015,10434829,personas,,https://data.worldbank.org/indicator/SP.POP.TOTL?locations=DO,2026-10-07T02:23:11Z,CC BY 4.0 (revisar excepciones por indicador en los metadatos)
IND-DOM-SP.POP.TOTL-2016,DOM,SP.POP.TOTL,"Population, total",2016,10551430,personas,,https://data.worldbank.org/indicator/SP.POP.TOTL?locations=DO,2026-10-07T02:23:11Z,CC BY 4.0 (revisar excepciones por indicador en los metadatos)
IND-DOM-SP.POP.TOTL-2017,DOM,SP.POP.TOTL,"Population, total",2017,10666843,personas,,https://data.worldbank.org/indicator/SP.POP.TOTL?locations=DO,2026-10-07T02:23:11Z,CC BY 4.0 (revisar excepciones por indicador en los metadatos)
IND-DOM-SP.POP.TOTL-2018,DOM,SP.POP.TOTL,"Population, total",2018,10782053,personas,,https://data.worldbank.org/indicator/SP.POP.TOTL?locations=DO,2026-10-07T02:23:11Z,CC BY 4.0 (revisar excepciones por indicador en los metadatos)
IND-DOM-SP.POP.TOTL-2019,DOM,SP.POP.TOTL,"Population, total",2019,10894043,personas,,https://data.worldbank.org/indicator/SP.POP.TOTL?locations=DO,2026-10-07T02:23:11Z,CC BY 4.0 (revisar excepciones por indicador en los metadatos)
IND-DOM-SP.POP.TOTL-2020,DOM,SP.POP.TOTL,"Population, total",2020,11008300,personas,,https://data.worldbank.org/indicator/SP.POP.TOTL?locations=DO,2026-10-07T02:23:11Z,CC BY 4.0 (revisar excepciones por indicador en los metadatos)
IND-DOM-SP.POP.TOTL-2021,DOM,SP.POP.TOTL,"Population, total",2021,11123476,personas,,https://data.worldbank.org/indicator/SP.POP.TOTL?locations=DO,2026-10-07T02:23:11Z,CC BY 4.0 (revisar excepciones por indicador en los metadatos)
IND-DOM-SP.POP.TOTL-2022,DOM,SP.POP.TOTL,"Population, total",2022,11230734,personas,,https://data.worldbank.org/indicator/SP.POP.TOTL?locations=DO,2026-10-07T02:23:11Z,CC BY 4.0 (revisar excepciones por indicador en los metadatos)
IND-DOM-SP.POP.TOTL-2023,DOM,SP.POP.TOTL,"Population, total",2023,11331265,personas,,https://data.worldbank.org/indicator/SP.POP.TOTL?locations=DO,2026-10-07T02:23:11Z,CC BY 4.0 (revisar excepciones por indicador en los metadatos)
IND-DOM-SP.POP.TOTL-2024,DOM,SP.POP.TOTL,"Population, total",2024,11427557,personas,,https://data.worldbank.org/indicator/SP.POP.TOTL?locations=DO,2026-10-07T02:23:11Z,CC BY 4.0 (revisar excepciones por indicador en los metadatos)
IND-DOM-IT.NET.USER.ZS-2010,DOM,IT.NET.USER.ZS,Individuals using the Internet (% of population),2010,31.39999962,% de la población,,https://data.worldbank.org/indicator/IT.NET.USER.ZS?locations=DO,2026-10-07T02:23:13Z,CC BY 4.0 (revisar excepciones por indicador en los metadatos)
IND-DOM-IT.NET.USER.ZS-2011,DOM,IT.NET.USER.ZS,Individuals using the Internet (% of population),2011,38,% de la población,,https://data.worldbank.org/indicator/IT.NET.USER.ZS?locations=DO,2026-10-07T02:23:13Z,CC BY 4.0 (revisar excepciones por indicador en los metadatos)
IND-DOM-IT.NET.USER.ZS-2012,DOM,IT.NET.USER.ZS,Individuals using the Internet (% of population),2012,42.32,% de la población,,https://data.worldbank.org/indicator/IT.NET.USER.ZS?locations=DO,2026-10-07T02:23:13Z,CC BY 4.0 (revisar excepciones por indicador en los metadatos)
IND-DOM-IT.NET.USER.ZS-2013,DOM,IT.NET.USER.ZS,Individuals using the Internet (% of population),2013,45.9,% de la población,,https://data.worldbank.org/indicator/IT.NET.USER.ZS?locations=DO,2026-10-07T02:23:13Z,CC BY 4.0 (revisar excepciones por indicador en los metadatos)
IND-DOM-IT.NET.USER.ZS-2014,DOM,IT.NET.USER.ZS,Individuals using the Internet (% of population),2014,49.58000183,% de la población,,https://data.worldbank.org/indicator/IT.NET.USER.ZS?locations=DO,2026-10-07T02:23:13Z,CC BY 4.0 (revisar excepciones por indicador en los metadatos)
IND-DOM-IT.NET.USER.ZS-2015,DOM,IT.NET.USER.ZS,Individuals using the Internet (% of population),2015,54.2157663369785,% de la población,,https://data.worldbank.org/indicator/IT.NET.USER.ZS?locations=DO,2026-10-07T02:23:13Z,CC BY 4.0 (revisar excepciones por indicador en los metadatos)
IND-DOM-IT.NET.USER.ZS-2016,DOM,IT.NET.USER.ZS,Individuals using the Internet (% of population),2016,63.8708647408206,% de la población,,https://data.worldbank.org/indicator/IT.NET.USER.ZS?locations=DO,2026-10-07T02:23:13Z,CC BY 4.0 (revisar excepciones por indicador en los metadatos)
IND-DOM-IT.NET.USER.ZS-2017,DOM,IT.NET.USER.ZS,Individuals using the Internet (% of population),2017,67.5712453277737,% de la población,,https://data.worldbank.org/indicator/IT.NET.USER.ZS?locations=DO,2026-10-07T02:23:13Z,CC BY 4.0 (revisar excepciones por indicador en los metadatos)
IND-DOM-IT.NET.USER.ZS-2018,DOM,IT.NET.USER.ZS,Individuals using the Internet (% of population),2018,74.8220483597284,% de la población,,https://data.worldbank.org/indicator/IT.NET.USER.ZS?locations=DO,2026-10-07T02:23:13Z,CC BY 4.0 (revisar excepciones por indicador en los metadatos)
IND-DOM-IT.NET.USER.ZS-2019,DOM,IT.NET.USER.ZS,Individuals using the Internet (% of population),2019,79.71549988,% de la población,,https://data.worldbank.org/indicator/IT.NET.USER.ZS?locations=DO,2026-10-07T02:23:13Z,CC BY 4.0 (revisar excepciones por indicador en los metadatos)
IND-DOM-IT.NET.USER.ZS-2020,DOM,IT.NET.USER.ZS,Individuals using the Internet (% of population),2020,81.61730194,% de la población,,https://data.worldbank.org/indicator/IT.NET.USER.ZS?locations=DO,2026-10-07T02:23:13Z,CC BY 4.0 (revisar excepciones por indicador en los metadatos)
IND-DOM-IT.NET.USER.ZS-2021,DOM,IT.NET.USER.ZS,Individuals using the Internet (% of population),2021,85.24298638,% de la población,,https://data.worldbank.org/indicator/IT.NET.USER.ZS?locations=DO,2026-10-07T02:23:13Z,CC BY 4.0 (revisar excepciones por indicador en los metadatos)
IND-DOM-IT.NET.USER.ZS-2022,DOM,IT.NET.USER.ZS,Individuals using the Internet (% of population),2022,81.51269675,% de la población,,https://data.worldbank.org/indicator/IT.NET.USER.ZS?locations=DO,2026-10-07T02:23:13Z,CC BY 4.0 (revisar excepciones por indicador en los metadatos)
IND-DOM-IT.NET.USER.ZS-2023,DOM,IT.NET.USER.ZS,Individuals using the Internet (% of population),2023,86.12689972,% de la población,,https://data.worldbank.org/indicator/IT.NET.USER.ZS?locations=DO,2026-10-07T02:23:13Z,CC BY 4.0 (revisar excepciones por indicador en los metadatos)
IND-DOM-IT.NET.USER.ZS-2024,DOM,IT.NET.USER.ZS,Individuals using the Internet (% of population),2024,91.0022446,% de la población,,https://data.worldbank.org/indicator/IT.NET.USER.ZS?locations=DO,2026-10-07T02:23:13Z,CC BY 4.0 (revisar excepciones por indicador en los metadatos)
IND-DOM-NE.EXP.GNFS.ZS-2010,DOM,NE.EXP.GNFS.ZS,Exports of goods and services (% of GDP),2010,22.7751186165488,% del PIB,,https://data.worldbank.org/indicator/NE.EXP.GNFS.ZS?locations=DO,2026-10-07T02:23:15Z,CC BY 4.0 (revisar excepciones por indicador en los metadatos)
IND-DOM-NE.EXP.GNFS.ZS-2011,DOM,NE.EXP.GNFS.ZS,Exports of goods and services (% of GDP),2011,24.3269602141381,% del PIB,,https://data.worldbank.org/indicator/NE.EXP.GNFS.ZS?locations=DO,2026-10-07T02:23:15Z,CC BY 4.0 (revisar excepciones por indicador en los metadatos)
IND-DOM-NE.EXP.GNFS.ZS-2012,DOM,NE.EXP.GNFS.ZS,Exports of goods and services (% of GDP),2012,24.7666213993906,% del PIB,,https://data.worldbank.org/indicator/NE.EXP.GNFS.ZS?locations=DO,2026-10-07T02:23:15Z,CC BY 4.0 (revisar excepciones por indicador en los metadatos)
IND-DOM-NE.EXP.GNFS.ZS-2013,DOM,NE.EXP.GNFS.ZS,Exports of goods and services (% of GDP),2013,25.3838177066263,% del PIB,,https://data.worldbank.org/indicator/NE.EXP.GNFS.ZS?locations=DO,2026-10-07T02:23:15Z,CC BY 4.0 (revisar excepciones por indicador en los metadatos)
IND-DOM-NE.EXP.GNFS.ZS-2014,DOM,NE.EXP.GNFS.ZS,Exports of goods and services (% of GDP),2014,25.4069026925032,% del PIB,,https://data.worldbank.org/indicator/NE.EXP.GNFS.ZS?locations=DO,2026-10-07T02:23:15Z,CC BY 4.0 (revisar excepciones por indicador en los metadatos)
IND-DOM-NE.EXP.GNFS.ZS-2015,DOM,NE.EXP.GNFS.ZS,Exports of goods and services (% of GDP),2015,24.0368347236543,% del PIB,,https://data.worldbank.org/indicator/NE.EXP.GNFS.ZS?locations=DO,2026-10-07T02:23:15Z,CC BY 4.0 (revisar excepciones por indicador en los metadatos)
IND-DOM-NE.EXP.GNFS.ZS-2016,DOM,NE.EXP.GNFS.ZS,Exports of goods and services (% of GDP),2016,24.1938670386292,% del PIB,,https://data.worldbank.org/indicator/NE.EXP.GNFS.ZS?locations=DO,2026-10-07T02:23:15Z,CC BY 4.0 (revisar excepciones por indicador en los metadatos)
IND-DOM-NE.EXP.GNFS.ZS-2017,DOM,NE.EXP.GNFS.ZS,Exports of goods and services (% of GDP),2017,24.1797519638034,% del PIB,,https://data.worldbank.org/indicator/NE.EXP.GNFS.ZS?locations=DO,2026-10-07T02:23:15Z,CC BY 4.0 (revisar excepciones por indicador en los metadatos)
IND-DOM-NE.EXP.GNFS.ZS-2018,DOM,NE.EXP.GNFS.ZS,Exports of goods and services (% of GDP),2018,23.993089643769,% del PIB,,https://data.worldbank.org/indicator/NE.EXP.GNFS.ZS?locations=DO,2026-10-07T02:23:15Z,CC BY 4.0 (revisar excepciones por indicador en los metadatos)
IND-DOM-NE.EXP.GNFS.ZS-2019,DOM,NE.EXP.GNFS.ZS,Exports of goods and services (% of GDP),2019,23.325332586795,% del PIB,,https://data.worldbank.org/indicator/NE.EXP.GNFS.ZS?locations=DO,2026-10-07T02:23:15Z,CC BY 4.0 (revisar excepciones por indicador en los metadatos)
IND-DOM-NE.EXP.GNFS.ZS-2020,DOM,NE.EXP.GNFS.ZS,Exports of goods and services (% of GDP),2020,18.7972072415048,% del PIB,,https://data.worldbank.org/indicator/NE.EXP.GNFS.ZS?locations=DO,2026-10-07T02:23:15Z,CC BY 4.0 (revisar excepciones por indicador en los metadatos)
IND-DOM-NE.EXP.GNFS.ZS-2021,DOM,NE.EXP.GNFS.ZS,Exports of goods and services (% of GDP),2021,21.5282997986043,% del PIB,,https://data.worldbank.org/indicator/NE.EXP.GNFS.ZS?locations=DO,2026-10-07T02:23:15Z,CC BY 4.0 (revisar excepciones por indicador en los metadatos)
IND-DOM-NE.EXP.GNFS.ZS-2022,DOM,NE.EXP.GNFS.ZS,Exports of goods and services (% of GDP),2022,22.0261866198241,% del PIB,,https://data.worldbank.org/indicator/NE.EXP.GNFS.ZS?locations=DO,2026-10-07T02:23:15Z,CC BY 4.0 (revisar excepciones por indicador en los metadatos)
IND-DOM-NE.EXP.GNFS.ZS-2023,DOM,NE.EXP.GNFS.ZS,Exports of goods and services (% of GDP),2023,21.3233165320401,% del PIB,,https://data.worldbank.org/indicator/NE.EXP.GNFS.ZS?locations=DO,2026-10-07T02:23:15Z,CC BY 4.0 (revisar excepciones por indicador en los metadatos)
IND-DOM-NE.EXP.GNFS.ZS-2024,DOM,NE.EXP.GNFS.ZS,Exports of goods and services (% of GDP),2024,22.7679273981921,% del PIB,,https://data.worldbank.org/indicator/NE.EXP.GNFS.ZS?locations=DO,2026-10-07T02:23:15Z,CC BY 4.0 (revisar excepciones por indicador en los metadatos)
IND-MEX-NY.GDP.MKTP.KD.ZG-2010,MEX,NY.GDP.MKTP.KD.ZG,GDP growth (annual %),2010,4.9713345832195,% anual,,https://data.worldbank.org/indicator/NY.GDP.MKTP.KD.ZG?locations=MX,2026-10-07T02:23:03Z,CC BY 4.0 (revisar excepciones por indicador en los metadatos)
IND-MEX-NY.GDP.MKTP.KD.ZG-2011,MEX,NY.GDP.MKTP.KD.ZG,GDP growth (annual %),2011,3.44404505297089,% anual,,https://data.worldbank.org/indicator/NY.GDP.MKTP.KD.ZG?locations=MX,2026-10-07T02:23:03Z,CC BY 4.0 (revisar excepciones por indicador en los metadatos)
IND-MEX-NY.GDP.MKTP.KD.ZG-2012,MEX,NY.GDP.MKTP.KD.ZG,GDP growth (annual %),2012,3.55321076010608,% anual,,https://data.worldbank.org/indicator/NY.GDP.MKTP.KD.ZG?locations=MX,2026-10-07T02:23:03Z,CC BY 4.0 (revisar excepciones por indicador en los metadatos)
IND-MEX-NY.GDP.MKTP.KD.ZG-2013,MEX,NY.GDP.MKTP.KD.ZG,GDP growth (annual %),2013,0.852101550164704,% anual,,https://data.worldbank.org/indicator/NY.GDP.MKTP.KD.ZG?locations=MX,2026-10-07T02:23:03Z,CC BY 4.0 (revisar excepciones por indicador en los metadatos)
IND-MEX-NY.GDP.MKTP.KD.ZG-2014,MEX,NY.GDP.MKTP.KD.ZG,GDP growth (annual %),2014,2.50376350783593,% anual,,https://data.worldbank.org/indicator/NY.GDP.MKTP.KD.ZG?locations=MX,2026-10-07T02:23:03Z,CC BY 4.0 (revisar excepciones por indicador en los metadatos)
IND-MEX-NY.GDP.MKTP.KD.ZG-2015,MEX,NY.GDP.MKTP.KD.ZG,GDP growth (annual %),2015,2.70232343024026,% anual,,https://data.worldbank.org/indicator/NY.GDP.MKTP.KD.ZG?locations=MX,2026-10-07T02:23:03Z,CC BY 4.0 (revisar excepciones por indicador en los metadatos)
IND-MEX-NY.GDP.MKTP.KD.ZG-2016,MEX,NY.GDP.MKTP.KD.ZG,GDP growth (annual %),2016,1.7724932254128,% anual,,https://data.worldbank.org/indicator/NY.GDP.MKTP.KD.ZG?locations=MX,2026-10-07T02:23:03Z,CC BY 4.0 (revisar excepciones por indicador en los metadatos)
IND-MEX-NY.GDP.MKTP.KD.ZG-2017,MEX,NY.GDP.MKTP.KD.ZG,GDP growth (annual %),2017,1.87172854648381,% anual,,https://data.worldbank.org/indicator/NY.GDP.MKTP.KD.ZG?locations=MX,2026-10-07T02:23:03Z,CC BY 4.0 (revisar excepciones por indicador en los metadatos)
IND-MEX-NY.GDP.MKTP.KD.ZG-2018,MEX,NY.GDP.MKTP.KD.ZG,GDP growth (annual %),2018,1.97208211101069,% anual,,https://data.worldbank.org/indicator/NY.GDP.MKTP.KD.ZG?locations=MX,2026-10-07T02:23:03Z,CC BY 4.0 (revisar excepciones por indicador en los metadatos)
IND-MEX-NY.GDP.MKTP.KD.ZG-2019,MEX,NY.GDP.MKTP.KD.ZG,GDP growth (annual %),2019,-0.392690513290532,% anual,,https://data.worldbank.org/indicator/NY.GDP.MKTP.KD.ZG?locations=MX,2026-10-07T02:23:03Z,CC BY 4.0 (revisar excepciones por indicador en los metadatos)
IND-MEX-NY.GDP.MKTP.KD.ZG-2020,MEX,NY.GDP.MKTP.KD.ZG,GDP growth (annual %),2020,-8.35403459379062,% anual,,https://data.worldbank.org/indicator/NY.GDP.MKTP.KD.ZG?locations=MX,2026-10-07T02:23:03Z,CC BY 4.0 (revisar excepciones por indicador en los metadatos)
IND-MEX-NY.GDP.MKTP.KD.ZG-2021,MEX,NY.GDP.MKTP.KD.ZG,GDP growth (annual %),2021,6.04848347173572,% anual,,https://data.worldbank.org/indicator/NY.GDP.MKTP.KD.ZG?locations=MX,2026-10-07T02:23:03Z,CC BY 4.0 (revisar excepciones por indicador en los metadatos)
IND-MEX-NY.GDP.MKTP.KD.ZG-2022,MEX,NY.GDP.MKTP.KD.ZG,GDP growth (annual %),2022,3.70975708309098,% anual,,https://data.worldbank.org/indicator/NY.GDP.MKTP.KD.ZG?locations=MX,2026-10-07T02:23:03Z,CC BY 4.0 (revisar excepciones por indicador en los metadatos)
IND-MEX-NY.GDP.MKTP.KD.ZG-2023,MEX,NY.GDP.MKTP.KD.ZG,GDP growth (annual %),2023,3.1067964131456,% anual,,https://data.worldbank.org/indicator/NY.GDP.MKTP.KD.ZG?locations=MX,2026-10-07T02:23:03Z,CC BY 4.0 (revisar excepciones por indicador en los metadatos)
IND-MEX-NY.GDP.MKTP.KD.ZG-2024,MEX,NY.GDP.MKTP.KD.ZG,GDP growth (annual %),2024,1.35057631384696,% anual,,https://data.worldbank.org/indicator/NY.GDP.MKTP.KD.ZG?locations=MX,2026-10-07T02:23:03Z,CC BY 4.0 (revisar excepciones por indicador en los metadatos)
IND-MEX-FP.CPI.TOTL.ZG-2010,MEX,FP.CPI.TOTL.ZG,"Inflation, consumer prices (annual %)",2010,4.15672722680174,% anual,,https://data.worldbank.org/indicator/FP.CPI.TOTL.ZG?locations=MX,2026-10-07T02:23:07Z,CC BY 4.0 (revisar excepciones por indicador en los metadatos)
IND-MEX-FP.CPI.TOTL.ZG-2011,MEX,FP.CPI.TOTL.ZG,"Inflation, consumer prices (annual %)",2011,3.40737824605742,% anual,,https://data.worldbank.org/indicator/FP.CPI.TOTL.ZG?locations=MX,2026-10-07T02:23:07Z,CC BY 4.0 (revisar excepciones por indicador en los metadatos)
IND-MEX-FP.CPI.TOTL.ZG-2012,MEX,FP.CPI.TOTL.ZG,"Inflation, consumer prices (annual %)",2012,4.11150981070289,% anual,,https://data.worldbank.org/indicator/FP.CPI.TOTL.ZG?locations=MX,2026-10-07T02:23:07Z,CC BY 4.0 (revisar excepciones por indicador en los metadatos)
IND-MEX-FP.CPI.TOTL.ZG-2013,MEX,FP.CPI.TOTL.ZG,"Inflation, consumer prices (annual %)",2013,3.80639069747204,% anual,,https://data.worldbank.org/indicator/FP.CPI.TOTL.ZG?locations=MX,2026-10-07T02:23:07Z,CC BY 4.0 (revisar excepciones por indicador en los metadatos)
IND-MEX-FP.CPI.TOTL.ZG-2014,MEX,FP.CPI.TOTL.ZG,"Inflation, consumer prices (annual %)",2014,4.01861608078679,% anual,,https://data.worldbank.org/indicator/FP.CPI.TOTL.ZG?locations=MX,2026-10-07T02:23:07Z,CC BY 4.0 (revisar excepciones por indicador en los metadatos)
IND-MEX-FP.CPI.TOTL.ZG-2015,MEX,FP.CPI.TOTL.ZG,"Inflation, consumer prices (annual %)",2015,2.72064064964023,% anual,,https://data.worldbank.org/indicator/FP.CPI.TOTL.ZG?locations=MX,2026-10-07T02:23:07Z,CC BY 4.0 (revisar excepciones por indicador en los metadatos)
IND-MEX-FP.CPI.TOTL.ZG-2016,MEX,FP.CPI.TOTL.ZG,"Inflation, consumer prices (annual %)",2016,2.8217078474766,% anual,,https://data.worldbank.org/indicator/FP.CPI.TOTL.ZG?locations=MX,2026-10-07T02:23:07Z,CC BY 4.0 (revisar excepciones por indicador en los metadatos)
IND-MEX-FP.CPI.TOTL.ZG-2017,MEX,FP.CPI.TOTL.ZG,"Inflation, consumer prices (annual %)",2017,6.04145724018986,% anual,,https://data.worldbank.org/indicator/FP.CPI.TOTL.ZG?locations=MX,2026-10-07T02:23:07Z,CC BY 4.0 (revisar excepciones por indicador en los metadatos)
IND-MEX-FP.CPI.TOTL.ZG-2018,MEX,FP.CPI.TOTL.ZG,"Inflation, consumer prices (annual %)",2018,4.89935015356551,% anual,,https://data.worldbank.org/indicator/FP.CPI.TOTL.ZG?locations=MX,2026-10-07T02:23:07Z,CC BY 4.0 (revisar excepciones por indicador en los metadatos)
IND-MEX-FP.CPI.TOTL.ZG-2019,MEX,FP.CPI.TOTL.ZG,"Inflation, consumer prices (annual %)",2019,3.63596142127046,% anual,,https://data.worldbank.org/indicator/FP.CPI.TOTL.ZG?locations=MX,2026-10-07T02:23:07Z,CC BY 4.0 (revisar excepciones por indicador en los metadatos)
IND-MEX-FP.CPI.TOTL.ZG-2020,MEX,FP.CPI.TOTL.ZG,"Inflation, consumer prices (annual %)",2020,3.39683415570006,% anual,,https://data.worldbank.org/indicator/FP.CPI.TOTL.ZG?locations=MX,2026-10-07T02:23:07Z,CC BY 4.0 (revisar excepciones por indicador en los metadatos)
IND-MEX-FP.CPI.TOTL.ZG-2021,MEX,FP.CPI.TOTL.ZG,"Inflation, consumer prices (annual %)",2021,5.68920847683753,% anual,,https://data.worldbank.org/indicator/FP.CPI.TOTL.ZG?locations=MX,2026-10-07T02:23:07Z,CC BY 4.0 (revisar excepciones por indicador en los metadatos)
IND-MEX-FP.CPI.TOTL.ZG-2022,MEX,FP.CPI.TOTL.ZG,"Inflation, consumer prices (annual %)",2022,7.8962761916855,% anual,,https://data.worldbank.org/indicator/FP.CPI.TOTL.ZG?locations=MX,2026-10-07T02:23:07Z,CC BY 4.0 (revisar excepciones por indicador en los metadatos)
IND-MEX-FP.CPI.TOTL.ZG-2023,MEX,FP.CPI.TOTL.ZG,"Inflation, consumer prices (annual %)",2023,5.52796087314389,% anual,,https://data.worldbank.org/indicator/FP.CPI.TOTL.ZG?locations=MX,2026-10-07T02:23:07Z,CC BY 4.0 (revisar excepciones por indicador en los metadatos)
IND-MEX-FP.CPI.TOTL.ZG-2024,MEX,FP.CPI.TOTL.ZG,"Inflation, consumer prices (annual %)",2024,4.72225588452932,% anual,,https://data.worldbank.org/indicator/FP.CPI.TOTL.ZG?locations=MX,2026-10-07T02:23:07Z,CC BY 4.0 (revisar excepciones por indicador en los metadatos)
IND-MEX-SL.UEM.TOTL.ZS-2010,MEX,SL.UEM.TOTL.ZS,"Unemployment, total (% of total labor force) (modeled ILO estimate)",2010,5.303,% de la fuerza laboral total,,https://data.worldbank.org/indicator/SL.UEM.TOTL.ZS?locations=MX,2026-10-07T02:23:09Z,CC BY 4.0 (revisar excepciones por indicador en los metadatos)
IND-MEX-SL.UEM.TOTL.ZS-2011,MEX,SL.UEM.TOTL.ZS,"Unemployment, total (% of total labor force) (modeled ILO estimate)",2011,5.175,% de la fuerza laboral total,,https://data.worldbank.org/indicator/SL.UEM.TOTL.ZS?locations=MX,2026-10-07T02:23:09Z,CC BY 4.0 (revisar excepciones por indicador en los metadatos)
IND-MEX-SL.UEM.TOTL.ZS-2012,MEX,SL.UEM.TOTL.ZS,"Unemployment, total (% of total labor force) (modeled ILO estimate)",2012,4.892,% de la fuerza laboral total,,https://data.worldbank.org/indicator/SL.UEM.TOTL.ZS?locations=MX,2026-10-07T02:23:09Z,CC BY 4.0 (revisar excepciones por indicador en los metadatos)
IND-MEX-SL.UEM.TOTL.ZS-2013,MEX,SL.UEM.TOTL.ZS,"Unemployment, total (% of total labor force) (modeled ILO estimate)",2013,4.921,% de la fuerza laboral total,,https://data.worldbank.org/indicator/SL.UEM.TOTL.ZS?locations=MX,2026-10-07T02:23:09Z,CC BY 4.0 (revisar excepciones por indicador en los metadatos)
IND-MEX-SL.UEM.TOTL.ZS-2014,MEX,SL.UEM.TOTL.ZS,"Unemployment, total (% of total labor force) (modeled ILO estimate)",2014,4.819,% de la fuerza laboral total,,https://data.worldbank.org/indicator/SL.UEM.TOTL.ZS?locations=MX,2026-10-07T02:23:09Z,CC BY 4.0 (revisar excepciones por indicador en los metadatos)
IND-MEX-SL.UEM.TOTL.ZS-2015,MEX,SL.UEM.TOTL.ZS,"Unemployment, total (% of total labor force) (modeled ILO estimate)",2015,4.311,% de la fuerza laboral total,,https://data.worldbank.org/indicator/SL.UEM.TOTL.ZS?locations=MX,2026-10-07T02:23:09Z,CC BY 4.0 (revisar excepciones por indicador en los metadatos)
IND-MEX-SL.UEM.TOTL.ZS-2016,MEX,SL.UEM.TOTL.ZS,"Unemployment, total (% of total labor force) (modeled ILO estimate)",2016,3.853,% de la fuerza laboral total,,https://data.worldbank.org/indicator/SL.UEM.TOTL.ZS?locations=MX,2026-10-07T02:23:09Z,CC BY 4.0 (revisar excepciones por indicador en los metadatos)
IND-MEX-SL.UEM.TOTL.ZS-2017,MEX,SL.UEM.TOTL.ZS,"Unemployment, total (% of total labor force) (modeled ILO estimate)",2017,3.419,% de la fuerza laboral total,,https://data.worldbank.org/indicator/SL.UEM.TOTL.ZS?locations=MX,2026-10-07T02:23:09Z,CC BY 4.0 (revisar excepciones por indicador en los metadatos)
IND-MEX-SL.UEM.TOTL.ZS-2018,MEX,SL.UEM.TOTL.ZS,"Unemployment, total (% of total labor force) (modeled ILO estimate)",2018,3.275,% de la fuerza laboral total,,https://data.worldbank.org/indicator/SL.UEM.TOTL.ZS?locations=MX,2026-10-07T02:23:09Z,CC BY 4.0 (revisar excepciones por indicador en los metadatos)
IND-MEX-SL.UEM.TOTL.ZS-2019,MEX,SL.UEM.TOTL.ZS,"Unemployment, total (% of total labor force) (modeled ILO estimate)",2019,3.477,% de la fuerza laboral total,,https://data.worldbank.org/indicator/SL.UEM.TOTL.ZS?locations=MX,2026-10-07T02:23:09Z,CC BY 4.0 (revisar excepciones por indicador en los metadatos)
IND-MEX-SL.UEM.TOTL.ZS-2020,MEX,SL.UEM.TOTL.ZS,"Unemployment, total (% of total labor force) (modeled ILO estimate)",2020,4.44,% de la fuerza laboral total,,https://data.worldbank.org/indicator/SL.UEM.TOTL.ZS?locations=MX,2026-10-07T02:23:09Z,CC BY 4.0 (revisar excepciones por indicador en los metadatos)
IND-MEX-SL.UEM.TOTL.ZS-2021,MEX,SL.UEM.TOTL.ZS,"Unemployment, total (% of total labor force) (modeled ILO estimate)",2021,4.019,% de la fuerza laboral total,,https://data.worldbank.org/indicator/SL.UEM.TOTL.ZS?locations=MX,2026-10-07T02:23:09Z,CC BY 4.0 (revisar excepciones por indicador en los metadatos)
IND-MEX-SL.UEM.TOTL.ZS-2022,MEX,SL.UEM.TOTL.ZS,"Unemployment, total (% of total labor force) (modeled ILO estimate)",2022,3.256,% de la fuerza laboral total,,https://data.worldbank.org/indicator/SL.UEM.TOTL.ZS?locations=MX,2026-10-07T02:23:09Z,CC BY 4.0 (revisar excepciones por indicador en los metadatos)
IND-MEX-SL.UEM.TOTL.ZS-2023,MEX,SL.UEM.TOTL.ZS,"Unemployment, total (% of total labor force) (modeled ILO estimate)",2023,2.765,% de la fuerza laboral total,,https://data.worldbank.org/indicator/SL.UEM.TOTL.ZS?locations=MX,2026-10-07T02:23:09Z,CC BY 4.0 (revisar excepciones por indicador en los metadatos)
IND-MEX-SL.UEM.TOTL.ZS-2024,MEX,SL.UEM.TOTL.ZS,"Unemployment, total (% of total labor force) (modeled ILO estimate)",2024,2.678,% de la fuerza laboral total,,https://data.worldbank.org/indicator/SL.UEM.TOTL.ZS?locations=MX,2026-10-07T02:23:09Z,CC BY 4.0 (revisar excepciones por indicador en los metadatos)
IND-MEX-SP.POP.TOTL-2010,MEX,SP.POP.TOTL,"Population, total",2010,113623895,personas,,https://data.worldbank.org/indicator/SP.POP.TOTL?locations=MX,2026-10-07T02:23:11Z,CC BY 4.0 (revisar excepciones por indicador en los metadatos)
IND-MEX-SP.POP.TOTL-2011,MEX,SP.POP.TOTL,"Population, total",2011,115243504,personas,,https://data.worldbank.org/indicator/SP.POP.TOTL?locations=MX,2026-10-07T02:23:11Z,CC BY 4.0 (revisar excepciones por indicador en los metadatos)
IND-MEX-SP.POP.TOTL-2012,MEX,SP.POP.TOTL,"Population, total",2012,116818208,personas,,https://data.worldbank.org/indicator/SP.POP.TOTL?locations=MX,2026-10-07T02:23:11Z,CC BY 4.0 (revisar excepciones por indicador en los metadatos)
IND-MEX-SP.POP.TOTL-2013,MEX,SP.POP.TOTL,"Population, total",2013,118343573,personas,,https://data.worldbank.org/indicator/SP.POP.TOTL?locations=MX,2026-10-07T02:23:11Z,CC BY 4.0 (revisar excepciones por indicador en los metadatos)
IND-MEX-SP.POP.TOTL-2014,MEX,SP.POP.TOTL,"Population, total",2014,119784261,personas,,https://data.worldbank.org/indicator/SP.POP.TOTL?locations=MX,2026-10-07T02:23:11Z,CC BY 4.0 (revisar excepciones por indicador en los metadatos)
IND-MEX-SP.POP.TOTL-2015,MEX,SP.POP.TOTL,"Population, total",2015,121072306,personas,,https://data.worldbank.org/indicator/SP.POP.TOTL?locations=MX,2026-10-07T02:23:11Z,CC BY 4.0 (revisar excepciones por indicador en los metadatos)
IND-MEX-SP.POP.TOTL-2016,MEX,SP.POP.TOTL,"Population, total",2016,122251351,personas,,https://data.worldbank.org/indicator/SP.POP.TOTL?locations=MX,2026-10-07T02:23:11Z,CC BY 4.0 (revisar excepciones por indicador en los metadatos)
IND-MEX-SP.POP.TOTL-2017,MEX,SP.POP.TOTL,"Population, total",2017,123400057,personas,,https://data.worldbank.org/indicator/SP.POP.TOTL?locations=MX,2026-10-07T02:23:11Z,CC BY 4.0 (revisar excepciones por indicador en los metadatos)
IND-MEX-SP.POP.TOTL-2018,MEX,SP.POP.TOTL,"Population, total",2018,124573711,personas,,https://data.worldbank.org/indicator/SP.POP.TOTL?locations=MX,2026-10-07T02:23:11Z,CC BY 4.0 (revisar excepciones por indicador en los metadatos)
IND-MEX-SP.POP.TOTL-2019,MEX,SP.POP.TOTL,"Population, total",2019,125762982,personas,,https://data.worldbank.org/indicator/SP.POP.TOTL?locations=MX,2026-10-07T02:23:11Z,CC BY 4.0 (revisar excepciones por indicador en los metadatos)
IND-MEX-SP.POP.TOTL-2020,MEX,SP.POP.TOTL,"Population, total",2020,126799054,personas,,https://data.worldbank.org/indicator/SP.POP.TOTL?locations=MX,2026-10-07T02:23:11Z,CC BY 4.0 (revisar excepciones por indicador en los metadatos)
IND-MEX-SP.POP.TOTL-2021,MEX,SP.POP.TOTL,"Population, total",2021,127648148,personas,,https://data.worldbank.org/indicator/SP.POP.TOTL?locations=MX,2026-10-07T02:23:11Z,CC BY 4.0 (revisar excepciones por indicador en los metadatos)
IND-MEX-SP.POP.TOTL-2022,MEX,SP.POP.TOTL,"Population, total",2022,128613117,personas,,https://data.worldbank.org/indicator/SP.POP.TOTL?locations=MX,2026-10-07T02:23:11Z,CC BY 4.0 (revisar excepciones por indicador en los metadatos)
IND-MEX-SP.POP.TOTL-2023,MEX,SP.POP.TOTL,"Population, total",2023,129739759,personas,,https://data.worldbank.org/indicator/SP.POP.TOTL?locations=MX,2026-10-07T02:23:11Z,CC BY 4.0 (revisar excepciones por indicador en los metadatos)
IND-MEX-SP.POP.TOTL-2024,MEX,SP.POP.TOTL,"Population, total",2024,130861007,personas,,https://data.worldbank.org/indicator/SP.POP.TOTL?locations=MX,2026-10-07T02:23:11Z,CC BY 4.0 (revisar excepciones por indicador en los metadatos)
IND-MEX-IT.NET.USER.ZS-2010,MEX,IT.NET.USER.ZS,Individuals using the Internet (% of population),2010,31.05,% de la población,,https://data.worldbank.org/indicator/IT.NET.USER.ZS?locations=MX,2026-10-07T02:23:13Z,CC BY 4.0 (revisar excepciones por indicador en los metadatos)
IND-MEX-IT.NET.USER.ZS-2011,MEX,IT.NET.USER.ZS,Individuals using the Internet (% of population),2011,37.1762954125184,% de la población,,https://data.worldbank.org/indicator/IT.NET.USER.ZS?locations=MX,2026-10-07T02:23:13Z,CC BY 4.0 (revisar excepciones por indicador en los metadatos)
IND-MEX-IT.NET.USER.ZS-2012,MEX,IT.NET.USER.ZS,Individuals using the Internet (% of population),2012,39.75,% de la población,,https://data.worldbank.org/indicator/IT.NET.USER.ZS?locations=MX,2026-10-07T02:23:13Z,CC BY 4.0 (revisar excepciones por indicador en los metadatos)
IND-MEX-IT.NET.USER.ZS-2013,MEX,IT.NET.USER.ZS,Individuals using the Internet (% of population),2013,43.46,% de la población,,https://data.worldbank.org/indicator/IT.NET.USER.ZS?locations=MX,2026-10-07T02:23:13Z,CC BY 4.0 (revisar excepciones por indicador en los metadatos)
IND-MEX-IT.NET.USER.ZS-2014,MEX,IT.NET.USER.ZS,Individuals using the Internet (% of population),2014,44.3856962723411,% de la población,,https://data.worldbank.org/indicator/IT.NET.USER.ZS?locations=MX,2026-10-07T02:23:13Z,CC BY 4.0 (revisar excepciones por indicador en los metadatos)
IND-MEX-IT.NET.USER.ZS-2015,MEX,IT.NET.USER.ZS,Individuals using the Internet (% of population),2015,57.4310429923633,% de la población,,https://data.worldbank.org/indicator/IT.NET.USER.ZS?locations=MX,2026-10-07T02:23:13Z,CC BY 4.0 (revisar excepciones por indicador en los metadatos)
IND-MEX-IT.NET.USER.ZS-2016,MEX,IT.NET.USER.ZS,Individuals using the Internet (% of population),2016,59.5404459967255,% de la población,,https://data.worldbank.org/indicator/IT.NET.USER.ZS?locations=MX,2026-10-07T02:23:13Z,CC BY 4.0 (revisar excepciones por indicador en los metadatos)
IND-MEX-IT.NET.USER.ZS-2017,MEX,IT.NET.USER.ZS,Individuals using the Internet (% of population),2017,53.0317886110982,% de la población,,https://data.worldbank.org/indicator/IT.NET.USER.ZS?locations=MX,2026-10-07T02:23:13Z,CC BY 4.0 (revisar excepciones por indicador en los metadatos)
IND-MEX-IT.NET.USER.ZS-2018,MEX,IT.NET.USER.ZS,Individuals using the Internet (% of population),2018,56.6595667981289,% de la población,,https://data.worldbank.org/indicator/IT.NET.USER.ZS?locations=MX,2026-10-07T02:23:13Z,CC BY 4.0 (revisar excepciones por indicador en los metadatos)
IND-MEX-IT.NET.USER.ZS-2019,MEX,IT.NET.USER.ZS,Individuals using the Internet (% of population),2019,69.6321092705209,% de la población,,https://data.worldbank.org/indicator/IT.NET.USER.ZS?locations=MX,2026-10-07T02:23:13Z,CC BY 4.0 (revisar excepciones por indicador en los metadatos)
IND-MEX-IT.NET.USER.ZS-2020,MEX,IT.NET.USER.ZS,Individuals using the Internet (% of population),2020,71.49017499,% de la población,,https://data.worldbank.org/indicator/IT.NET.USER.ZS?locations=MX,2026-10-07T02:23:13Z,CC BY 4.0 (revisar excepciones por indicador en los metadatos)
IND-MEX-IT.NET.USER.ZS-2021,MEX,IT.NET.USER.ZS,Individuals using the Internet (% of population),2021,75.62650476,% de la población,,https://data.worldbank.org/indicator/IT.NET.USER.ZS?locations=MX,2026-10-07T02:23:13Z,CC BY 4.0 (revisar excepciones por indicador en los metadatos)
IND-MEX-IT.NET.USER.ZS-2022,MEX,IT.NET.USER.ZS,Individuals using the Internet (% of population),2022,78.63217894,% de la población,,https://data.worldbank.org/indicator/IT.NET.USER.ZS?locations=MX,2026-10-07T02:23:13Z,CC BY 4.0 (revisar excepciones por indicador en los metadatos)
IND-MEX-IT.NET.USER.ZS-2023,MEX,IT.NET.USER.ZS,Individuals using the Internet (% of population),2023,81.18318755,% de la población,,https://data.worldbank.org/indicator/IT.NET.USER.ZS?locations=MX,2026-10-07T02:23:13Z,CC BY 4.0 (revisar excepciones por indicador en los metadatos)
IND-MEX-IT.NET.USER.ZS-2024,MEX,IT.NET.USER.ZS,Individuals using the Internet (% of population),2024,83.12233799,% de la población,,https://data.worldbank.org/indicator/IT.NET.USER.ZS?locations=MX,2026-10-07T02:23:13Z,CC BY 4.0 (revisar excepciones por indicador en los metadatos)
IND-MEX-NE.EXP.GNFS.ZS-2010,MEX,NE.EXP.GNFS.ZS,Exports of goods and services (% of GDP),2010,29.0174601175767,% del PIB,,https://data.worldbank.org/indicator/NE.EXP.GNFS.ZS?locations=MX,2026-10-07T02:23:15Z,CC BY 4.0 (revisar excepciones por indicador en los metadatos)
IND-MEX-NE.EXP.GNFS.ZS-2011,MEX,NE.EXP.GNFS.ZS,Exports of goods and services (% of GDP),2011,30.4429662274867,% del PIB,,https://data.worldbank.org/indicator/NE.EXP.GNFS.ZS?locations=MX,2026-10-07T02:23:15Z,CC BY 4.0 (revisar excepciones por indicador en los metadatos)
IND-MEX-NE.EXP.GNFS.ZS-2012,MEX,NE.EXP.GNFS.ZS,Exports of goods and services (% of GDP),2012,31.5394503933211,% del PIB,,https://data.worldbank.org/indicator/NE.EXP.GNFS.ZS?locations=MX,2026-10-07T02:23:15Z,CC BY 4.0 (revisar excepciones por indicador en los metadatos)
IND-MEX-NE.EXP.GNFS.ZS-2013,MEX,NE.EXP.GNFS.ZS,Exports of goods and services (% of GDP),2013,30.7558005807208,% del PIB,,https://data.worldbank.org/indicator/NE.EXP.GNFS.ZS?locations=MX,2026-10-07T02:23:15Z,CC BY 4.0 (revisar excepciones por indicador en los metadatos)
IND-MEX-NE.EXP.GNFS.ZS-2014,MEX,NE.EXP.GNFS.ZS,Exports of goods and services (% of GDP),2014,31.4629921982533,% del PIB,,https://data.worldbank.org/indicator/NE.EXP.GNFS.ZS?locations=MX,2026-10-07T02:23:15Z,CC BY 4.0 (revisar excepciones por indicador en los metadatos)
IND-MEX-NE.EXP.GNFS.ZS-2015,MEX,NE.EXP.GNFS.ZS,Exports of goods and services (% of GDP),2015,34.1627726891004,% del PIB,,https://data.worldbank.org/indicator/NE.EXP.GNFS.ZS?locations=MX,2026-10-07T02:23:15Z,CC BY 4.0 (revisar excepciones por indicador en los metadatos)
IND-MEX-NE.EXP.GNFS.ZS-2016,MEX,NE.EXP.GNFS.ZS,Exports of goods and services (% of GDP),2016,36.8156772514808,% del PIB,,https://data.worldbank.org/indicator/NE.EXP.GNFS.ZS?locations=MX,2026-10-07T02:23:15Z,CC BY 4.0 (revisar excepciones por indicador en los metadatos)
IND-MEX-NE.EXP.GNFS.ZS-2017,MEX,NE.EXP.GNFS.ZS,Exports of goods and services (% of GDP),2017,37.514088621552,% del PIB,,https://data.worldbank.org/indicator/NE.EXP.GNFS.ZS?locations=MX,2026-10-07T02:23:15Z,CC BY 4.0 (revisar excepciones por indicador en los metadatos)
IND-MEX-NE.EXP.GNFS.ZS-2018,MEX,NE.EXP.GNFS.ZS,Exports of goods and services (% of GDP),2018,39.0439304387032,% del PIB,,https://data.worldbank.org/indicator/NE.EXP.GNFS.ZS?locations=MX,2026-10-07T02:23:15Z,CC BY 4.0 (revisar excepciones por indicador en los metadatos)
IND-MEX-NE.EXP.GNFS.ZS-2019,MEX,NE.EXP.GNFS.ZS,Exports of goods and services (% of GDP),2019,38.5296507889335,% del PIB,,https://data.worldbank.org/indicator/NE.EXP.GNFS.ZS?locations=MX,2026-10-07T02:23:15Z,CC BY 4.0 (revisar excepciones por indicador en los metadatos)
IND-MEX-NE.EXP.GNFS.ZS-2020,MEX,NE.EXP.GNFS.ZS,Exports of goods and services (% of GDP),2020,39.2353720952982,% del PIB,,https://data.worldbank.org/indicator/NE.EXP.GNFS.ZS?locations=MX,2026-10-07T02:23:15Z,CC BY 4.0 (revisar excepciones por indicador en los metadatos)
IND-MEX-NE.EXP.GNFS.ZS-2021,MEX,NE.EXP.GNFS.ZS,Exports of goods and services (% of GDP),2021,40.5691931964594,% del PIB,,https://data.worldbank.org/indicator/NE.EXP.GNFS.ZS?locations=MX,2026-10-07T02:23:15Z,CC BY 4.0 (revisar excepciones por indicador en los metadatos)
IND-MEX-NE.EXP.GNFS.ZS-2022,MEX,NE.EXP.GNFS.ZS,Exports of goods and services (% of GDP),2022,42.9322902148243,% del PIB,,https://data.worldbank.org/indicator/NE.EXP.GNFS.ZS?locations=MX,2026-10-07T02:23:15Z,CC BY 4.0 (revisar excepciones por indicador en los metadatos)
IND-MEX-NE.EXP.GNFS.ZS-2023,MEX,NE.EXP.GNFS.ZS,Exports of goods and services (% of GDP),2023,36.1479343675069,% del PIB,,https://data.worldbank.org/indicator/NE.EXP.GNFS.ZS?locations=MX,2026-10-07T02:23:15Z,CC BY 4.0 (revisar excepciones por indicador en los metadatos)
IND-MEX-NE.EXP.GNFS.ZS-2024,MEX,NE.EXP.GNFS.ZS,Exports of goods and services (% of GDP),2024,37.2836162309013,% del PIB,,https://data.worldbank.org/indicator/NE.EXP.GNFS.ZS?locations=MX,2026-10-07T02:23:15Z,CC BY 4.0 (revisar excepciones por indicador en los metadatos)
IND-GTM-NY.GDP.MKTP.KD.ZG-2010,GTM,NY.GDP.MKTP.KD.ZG,GDP growth (annual %),2010,2.88417542800377,% anual,,https://data.worldbank.org/indicator/NY.GDP.MKTP.KD.ZG?locations=GT,2026-10-07T02:23:03Z,CC BY 4.0 (revisar excepciones por indicador en los metadatos)
IND-GTM-NY.GDP.MKTP.KD.ZG-2011,GTM,NY.GDP.MKTP.KD.ZG,GDP growth (annual %),2011,4.16390688293349,% anual,,https://data.worldbank.org/indicator/NY.GDP.MKTP.KD.ZG?locations=GT,2026-10-07T02:23:03Z,CC BY 4.0 (revisar excepciones por indicador en los metadatos)
IND-GTM-NY.GDP.MKTP.KD.ZG-2012,GTM,NY.GDP.MKTP.KD.ZG,GDP growth (annual %),2012,2.97470856847661,% anual,,https://data.worldbank.org/indicator/NY.GDP.MKTP.KD.ZG?locations=GT,2026-10-07T02:23:03Z,CC BY 4.0 (revisar excepciones por indicador en los metadatos)
IND-GTM-NY.GDP.MKTP.KD.ZG-2013,GTM,NY.GDP.MKTP.KD.ZG,GDP growth (annual %),2013,3.69476814623695,% anual,,https://data.worldbank.org/indicator/NY.GDP.MKTP.KD.ZG?locations=GT,2026-10-07T02:23:03Z,CC BY 4.0 (revisar excepciones por indicador en los metadatos)
IND-GTM-NY.GDP.MKTP.KD.ZG-2014,GTM,NY.GDP.MKTP.KD.ZG,GDP growth (annual %),2014,4.44397825774911,% anual,,https://data.worldbank.org/indicator/NY.GDP.MKTP.KD.ZG?locations=GT,2026-10-07T02:23:03Z,CC BY 4.0 (revisar excepciones por indicador en los metadatos)
IND-GTM-NY.GDP.MKTP.KD.ZG-2015,GTM,NY.GDP.MKTP.KD.ZG,GDP growth (annual %),2015,4.09217170075418,% anual,,https://data.worldbank.org/indicator/NY.GDP.MKTP.KD.ZG?locations=GT,2026-10-07T02:23:03Z,CC BY 4.0 (revisar excepciones por indicador en los metadatos)
IND-GTM-NY.GDP.MKTP.KD.ZG-2016,GTM,NY.GDP.MKTP.KD.ZG,GDP growth (annual %),2016,2.6778031930216,% anual,,https://data.worldbank.org/indicator/NY.GDP.MKTP.KD.ZG?locations=GT,2026-10-07T02:23:03Z,CC BY 4.0 (revisar excepciones por indicador en los metadatos)
IND-GTM-NY.GDP.MKTP.KD.ZG-2017,GTM,NY.GDP.MKTP.KD.ZG,GDP growth (annual %),2017,3.0798512212244,% anual,,https://data.worldbank.org/indicator/NY.GDP.MKTP.KD.ZG?locations=GT,2026-10-07T02:23:03Z,CC BY 4.0 (revisar excepciones por indicador en los metadatos)
IND-GTM-NY.GDP.MKTP.KD.ZG-2018,GTM,NY.GDP.MKTP.KD.ZG,GDP growth (annual %),2018,3.40687328176345,% anual,,https://data.worldbank.org/indicator/NY.GDP.MKTP.KD.ZG?locations=GT,2026-10-07T02:23:03Z,CC BY 4.0 (revisar excepciones por indicador en los metadatos)
IND-GTM-NY.GDP.MKTP.KD.ZG-2019,GTM,NY.GDP.MKTP.KD.ZG,GDP growth (annual %),2019,4.01789830861587,% anual,,https://data.worldbank.org/indicator/NY.GDP.MKTP.KD.ZG?locations=GT,2026-10-07T02:23:03Z,CC BY 4.0 (revisar excepciones por indicador en los metadatos)
IND-GTM-NY.GDP.MKTP.KD.ZG-2020,GTM,NY.GDP.MKTP.KD.ZG,GDP growth (annual %),2020,-1.78555117570465,% anual,,https://data.worldbank.org/indicator/NY.GDP.MKTP.KD.ZG?locations=GT,2026-10-07T02:23:03Z,CC BY 4.0 (revisar excepciones por indicador en los metadatos)
IND-GTM-NY.GDP.MKTP.KD.ZG-2021,GTM,NY.GDP.MKTP.KD.ZG,GDP growth (annual %),2021,8.04170398855833,% anual,,https://data.worldbank.org/indicator/NY.GDP.MKTP.KD.ZG?locations=GT,2026-10-07T02:23:03Z,CC BY 4.0 (revisar excepciones por indicador en los metadatos)
IND-GTM-NY.GDP.MKTP.KD.ZG-2022,GTM,NY.GDP.MKTP.KD.ZG,GDP growth (annual %),2022,4.15492196609047,% anual,,https://data.worldbank.org/indicator/NY.GDP.MKTP.KD.ZG?locations=GT,2026-10-07T02:23:03Z,CC BY 4.0 (revisar excepciones por indicador en los metadatos)
IND-GTM-NY.GDP.MKTP.KD.ZG-2023,GTM,NY.GDP.MKTP.KD.ZG,GDP growth (annual %),2023,3.52430434049013,% anual,,https://data.worldbank.org/indicator/NY.GDP.MKTP.KD.ZG?locations=GT,2026-10-07T02:23:03Z,CC BY 4.0 (revisar excepciones por indicador en los metadatos)
IND-GTM-NY.GDP.MKTP.KD.ZG-2024,GTM,NY.GDP.MKTP.KD.ZG,GDP growth (annual %),2024,3.71558453779777,% anual,,https://data.worldbank.org/indicator/NY.GDP.MKTP.KD.ZG?locations=GT,2026-10-07T02:23:03Z,CC BY 4.0 (revisar excepciones por indicador en los metadatos)
IND-GTM-FP.CPI.TOTL.ZG-2010,GTM,FP.CPI.TOTL.ZG,"Inflation, consumer prices (annual %)",2010,3.8595090983316,% anual,,https://data.worldbank.org/indicator/FP.CPI.TOTL.ZG?locations=GT,2026-10-07T02:23:07Z,CC BY 4.0 (revisar excepciones por indicador en los metadatos)
IND-GTM-FP.CPI.TOTL.ZG-2011,GTM,FP.CPI.TOTL.ZG,"Inflation, consumer prices (annual %)",2011,6.214123930671,% anual,,https://data.worldbank.org/indicator/FP.CPI.TOTL.ZG?locations=GT,2026-10-07T02:23:07Z,CC BY 4.0 (revisar excepciones por indicador en los metadatos)
IND-GTM-FP.CPI.TOTL.ZG-2012,GTM,FP.CPI.TOTL.ZG,"Inflation, consumer prices (annual %)",2012,3.78180754679678,% anual,,https://data.worldbank.org/indicator/FP.CPI.TOTL.ZG?locations=GT,2026-10-07T02:23:07Z,CC BY 4.0 (revisar excepciones por indicador en los metadatos)
IND-GTM-FP.CPI.TOTL.ZG-2013,GTM,FP.CPI.TOTL.ZG,"Inflation, consumer prices (annual %)",2013,4.34337131279521,% anual,,https://data.worldbank.org/indicator/FP.CPI.TOTL.ZG?locations=GT,2026-10-07T02:23:07Z,CC BY 4.0 (revisar excepciones por indicador en los metadatos)
IND-GTM-FP.CPI.TOTL.ZG-2014,GTM,FP.CPI.TOTL.ZG,"Inflation, consumer prices (annual %)",2014,3.4183616966296,% anual,,https://data.worldbank.org/indicator/FP.CPI.TOTL.ZG?locations=GT,2026-10-07T02:23:07Z,CC BY 4.0 (revisar excepciones por indicador en los metadatos)
IND-GTM-FP.CPI.TOTL.ZG-2015,GTM,FP.CPI.TOTL.ZG,"Inflation, consumer prices (annual %)",2015,2.3887203283955,% anual,,https://data.worldbank.org/indicator/FP.CPI.TOTL.ZG?locations=GT,2026-10-07T02:23:07Z,CC BY 4.0 (revisar excepciones por indicador en los metadatos)
IND-GTM-FP.CPI.TOTL.ZG-2016,GTM,FP.CPI.TOTL.ZG,"Inflation, consumer prices (annual %)",2016,4.44844199942827,% anual,,https://data.worldbank.org/indicator/FP.CPI.TOTL.ZG?locations=GT,2026-10-07T02:23:07Z,CC BY 4.0 (revisar excepciones por indicador en los metadatos)
IND-GTM-FP.CPI.TOTL.ZG-2017,GTM,FP.CPI.TOTL.ZG,"Inflation, consumer prices (annual %)",2017,4.42453655182546,% anual,,https://data.worldbank.org/indicator/FP.CPI.TOTL.ZG?locations=GT,2026-10-07T02:23:07Z,CC BY 4.0 (revisar excepciones por indicador en los metadatos)
IND-GTM-FP.CPI.TOTL.ZG-2018,GTM,FP.CPI.TOTL.ZG,"Inflation, consumer prices (annual %)",2018,3.75186186704508,% anual,,https://data.worldbank.org/indicator/FP.CPI.TOTL.ZG?locations=GT,2026-10-07T02:23:07Z,CC BY 4.0 (revisar excepciones por indicador en los metadatos)
IND-GTM-FP.CPI.TOTL.ZG-2019,GTM,FP.CPI.TOTL.ZG,"Inflation, consumer prices (annual %)",2019,3.69998398008605,% anual,,https://data.worldbank.org/indicator/FP.CPI.TOTL.ZG?locations=GT,2026-10-07T02:23:07Z,CC BY 4.0 (revisar excepciones por indicador en los metadatos)
IND-GTM-FP.CPI.TOTL.ZG-2020,GTM,FP.CPI.TOTL.ZG,"Inflation, consumer prices (annual %)",2020,3.21444062197345,% anual,,https://data.worldbank.org/indicator/FP.CPI.TOTL.ZG?locations=GT,2026-10-07T02:23:07Z,CC BY 4.0 (revisar excepciones por indicador en los metadatos)
IND-GTM-FP.CPI.TOTL.ZG-2021,GTM,FP.CPI.TOTL.ZG,"Inflation, consumer prices (annual %)",2021,4.26105127422813,% anual,,https://data.worldbank.org/indicator/FP.CPI.TOTL.ZG?locations=GT,2026-10-07T02:23:07Z,CC BY 4.0 (revisar excepciones por indicador en los metadatos)
IND-GTM-FP.CPI.TOTL.ZG-2022,GTM,FP.CPI.TOTL.ZG,"Inflation, consumer prices (annual %)",2022,6.88512823344287,% anual,,https://data.worldbank.org/indicator/FP.CPI.TOTL.ZG?locations=GT,2026-10-07T02:23:07Z,CC BY 4.0 (revisar excepciones por indicador en los metadatos)
IND-GTM-FP.CPI.TOTL.ZG-2023,GTM,FP.CPI.TOTL.ZG,"Inflation, consumer prices (annual %)",2023,6.20657592272126,% anual,,https://data.worldbank.org/indicator/FP.CPI.TOTL.ZG?locations=GT,2026-10-07T02:23:07Z,CC BY 4.0 (revisar excepciones por indicador en los metadatos)
IND-GTM-FP.CPI.TOTL.ZG-2024,GTM,FP.CPI.TOTL.ZG,"Inflation, consumer prices (annual %)",2024,2.86992752918294,% anual,,https://data.worldbank.org/indicator/FP.CPI.TOTL.ZG?locations=GT,2026-10-07T02:23:07Z,CC BY 4.0 (revisar excepciones por indicador en los metadatos)
IND-GTM-SL.UEM.TOTL.ZS-2010,GTM,SL.UEM.TOTL.ZS,"Unemployment, total (% of total labor force) (modeled ILO estimate)",2010,3.497,% de la fuerza laboral total,,https://data.worldbank.org/indicator/SL.UEM.TOTL.ZS?locations=GT,2026-10-07T02:23:09Z,CC BY 4.0 (revisar excepciones por indicador en los metadatos)
IND-GTM-SL.UEM.TOTL.ZS-2011,GTM,SL.UEM.TOTL.ZS,"Unemployment, total (% of total labor force) (modeled ILO estimate)",2011,3.169,% de la fuerza laboral total,,https://data.worldbank.org/indicator/SL.UEM.TOTL.ZS?locations=GT,2026-10-07T02:23:09Z,CC BY 4.0 (revisar excepciones por indicador en los metadatos)
IND-GTM-SL.UEM.TOTL.ZS-2012,GTM,SL.UEM.TOTL.ZS,"Unemployment, total (% of total labor force) (modeled ILO estimate)",2012,2.765,% de la fuerza laboral total,,https://data.worldbank.org/indicator/SL.UEM.TOTL.ZS?locations=GT,2026-10-07T02:23:09Z,CC BY 4.0 (revisar excepciones por indicador en los metadatos)
IND-GTM-SL.UEM.TOTL.ZS-2013,GTM,SL.UEM.TOTL.ZS,"Unemployment, total (% of total labor force) (modeled ILO estimate)",2013,3.017,% de la fuerza laboral total,,https://data.worldbank.org/indicator/SL.UEM.TOTL.ZS?locations=GT,2026-10-07T02:23:09Z,CC BY 4.0 (revisar excepciones por indicador en los metadatos)
IND-GTM-SL.UEM.TOTL.ZS-2014,GTM,SL.UEM.TOTL.ZS,"Unemployment, total (% of total labor force) (modeled ILO estimate)",2014,2.717,% de la fuerza laboral total,,https://data.worldbank.org/indicator/SL.UEM.TOTL.ZS?locations=GT,2026-10-07T02:23:09Z,CC BY 4.0 (revisar excepciones por indicador en los metadatos)
IND-GTM-SL.UEM.TOTL.ZS-2015,GTM,SL.UEM.TOTL.ZS,"Unemployment, total (% of total labor force) (modeled ILO estimate)",2015,2.506,% de la fuerza laboral total,,https://data.worldbank.org/indicator/SL.UEM.TOTL.ZS?locations=GT,2026-10-07T02:23:09Z,CC BY 4.0 (revisar excepciones por indicador en los metadatos)
IND-GTM-SL.UEM.TOTL.ZS-2016,GTM,SL.UEM.TOTL.ZS,"Unemployment, total (% of total labor force) (modeled ILO estimate)",2016,2.583,% de la fuerza laboral total,,https://data.worldbank.org/indicator/SL.UEM.TOTL.ZS?locations=GT,2026-10-07T02:23:09Z,CC BY 4.0 (revisar excepciones por indicador en los metadatos)
IND-GTM-SL.UEM.TOTL.ZS-2017,GTM,SL.UEM.TOTL.ZS,"Unemployment, total (% of total labor force) (modeled ILO estimate)",2017,2.462,% de la fuerza laboral total,,https://data.worldbank.org/indicator/SL.UEM.TOTL.ZS?locations=GT,2026-10-07T02:23:09Z,CC BY 4.0 (revisar excepciones por indicador en los metadatos)
IND-GTM-SL.UEM.TOTL.ZS-2018,GTM,SL.UEM.TOTL.ZS,"Unemployment, total (% of total labor force) (modeled ILO estimate)",2018,2.283,% de la fuerza laboral total,,https://data.worldbank.org/indicator/SL.UEM.TOTL.ZS?locations=GT,2026-10-07T02:23:09Z,CC BY 4.0 (revisar excepciones por indicador en los metadatos)
IND-GTM-SL.UEM.TOTL.ZS-2019,GTM,SL.UEM.TOTL.ZS,"Unemployment, total (% of total labor force) (modeled ILO estimate)",2019,2.193,% de la fuerza laboral total,,https://data.worldbank.org/indicator/SL.UEM.TOTL.ZS?locations=GT,2026-10-07T02:23:09Z,CC BY 4.0 (revisar excepciones por indicador en los metadatos)
IND-GTM-SL.UEM.TOTL.ZS-2020,GTM,SL.UEM.TOTL.ZS,"Unemployment, total (% of total labor force) (modeled ILO estimate)",2020,2.965,% de la fuerza laboral total,,https://data.worldbank.org/indicator/SL.UEM.TOTL.ZS?locations=GT,2026-10-07T02:23:09Z,CC BY 4.0 (revisar excepciones por indicador en los metadatos)
IND-GTM-SL.UEM.TOTL.ZS-2021,GTM,SL.UEM.TOTL.ZS,"Unemployment, total (% of total labor force) (modeled ILO estimate)",2021,2.174,% de la fuerza laboral total,,https://data.worldbank.org/indicator/SL.UEM.TOTL.ZS?locations=GT,2026-10-07T02:23:09Z,CC BY 4.0 (revisar excepciones por indicador en los metadatos)
IND-GTM-SL.UEM.TOTL.ZS-2022,GTM,SL.UEM.TOTL.ZS,"Unemployment, total (% of total labor force) (modeled ILO estimate)",2022,3.051,% de la fuerza laboral total,,https://data.worldbank.org/indicator/SL.UEM.TOTL.ZS?locations=GT,2026-10-07T02:23:09Z,CC BY 4.0 (revisar excepciones por indicador en los metadatos)
IND-GTM-SL.UEM.TOTL.ZS-2023,GTM,SL.UEM.TOTL.ZS,"Unemployment, total (% of total labor force) (modeled ILO estimate)",2023,2.344,% de la fuerza laboral total,,https://data.worldbank.org/indicator/SL.UEM.TOTL.ZS?locations=GT,2026-10-07T02:23:09Z,CC BY 4.0 (revisar excepciones por indicador en los metadatos)
IND-GTM-SL.UEM.TOTL.ZS-2024,GTM,SL.UEM.TOTL.ZS,"Unemployment, total (% of total labor force) (modeled ILO estimate)",2024,2.613,% de la fuerza laboral total,,https://data.worldbank.org/indicator/SL.UEM.TOTL.ZS?locations=GT,2026-10-07T02:23:09Z,CC BY 4.0 (revisar excepciones por indicador en los metadatos)
IND-GTM-SP.POP.TOTL-2010,GTM,SP.POP.TOTL,"Population, total",2010,14500112,personas,,https://data.worldbank.org/indicator/SP.POP.TOTL?locations=GT,2026-10-07T02:23:11Z,CC BY 4.0 (revisar excepciones por indicador en los metadatos)
IND-GTM-SP.POP.TOTL-2011,GTM,SP.POP.TOTL,"Population, total",2011,14792126,personas,,https://data.worldbank.org/indicator/SP.POP.TOTL?locations=GT,2026-10-07T02:23:11Z,CC BY 4.0 (revisar excepciones por indicador en los metadatos)
IND-GTM-SP.POP.TOTL-2012,GTM,SP.POP.TOTL,"Population, total",2012,15089647,personas,,https://data.worldbank.org/indicator/SP.POP.TOTL?locations=GT,2026-10-07T02:23:11Z,CC BY 4.0 (revisar excepciones por indicador en los metadatos)
IND-GTM-SP.POP.TOTL-2013,GTM,SP.POP.TOTL,"Population, total",2013,15387337,personas,,https://data.worldbank.org/indicator/SP.POP.TOTL?locations=GT,2026-10-07T02:23:11Z,CC BY 4.0 (revisar excepciones por indicador en los metadatos)
IND-GTM-SP.POP.TOTL-2014,GTM,SP.POP.TOTL,"Population, total",2014,15681725,personas,,https://data.worldbank.org/indicator/SP.POP.TOTL?locations=GT,2026-10-07T02:23:11Z,CC BY 4.0 (revisar excepciones por indicador en los metadatos)
IND-GTM-SP.POP.TOTL-2015,GTM,SP.POP.TOTL,"Population, total",2015,15971743,personas,,https://data.worldbank.org/indicator/SP.POP.TOTL?locations=GT,2026-10-07T02:23:11Z,CC BY 4.0 (revisar excepciones por indicador en los metadatos)
IND-GTM-SP.POP.TOTL-2016,GTM,SP.POP.TOTL,"Population, total",2016,16268760,personas,,https://data.worldbank.org/indicator/SP.POP.TOTL?locations=GT,2026-10-07T02:23:11Z,CC BY 4.0 (revisar excepciones por indicador en los metadatos)
IND-GTM-SP.POP.TOTL-2017,GTM,SP.POP.TOTL,"Population, total",2017,16567357,personas,,https://data.worldbank.org/indicator/SP.POP.TOTL?locations=GT,2026-10-07T02:23:11Z,CC BY 4.0 (revisar excepciones por indicador en los metadatos)
IND-GTM-SP.POP.TOTL-2018,GTM,SP.POP.TOTL,"Population, total",2018,16845685,personas,,https://data.worldbank.org/indicator/SP.POP.TOTL?locations=GT,2026-10-07T02:23:11Z,CC BY 4.0 (revisar excepciones por indicador en los metadatos)
IND-GTM-SP.POP.TOTL-2019,GTM,SP.POP.TOTL,"Population, total",2019,17103803,personas,,https://data.worldbank.org/indicator/SP.POP.TOTL?locations=GT,2026-10-07T02:23:11Z,CC BY 4.0 (revisar excepciones por indicador en los metadatos)
IND-GTM-SP.POP.TOTL-2020,GTM,SP.POP.TOTL,"Population, total",2020,17357325,personas,,https://data.worldbank.org/indicator/SP.POP.TOTL?locations=GT,2026-10-07T02:23:11Z,CC BY 4.0 (revisar excepciones por indicador en los metadatos)
IND-GTM-SP.POP.TOTL-2021,GTM,SP.POP.TOTL,"Population, total",2021,17598650,personas,,https://data.worldbank.org/indicator/SP.POP.TOTL?locations=GT,2026-10-07T02:23:11Z,CC BY 4.0 (revisar excepciones por indicador en los metadatos)
IND-GTM-SP.POP.TOTL-2022,GTM,SP.POP.TOTL,"Population, total",2022,17847877,personas,,https://data.worldbank.org/indicator/SP.POP.TOTL?locations=GT,2026-10-07T02:23:11Z,CC BY 4.0 (revisar excepciones por indicador en los metadatos)
IND-GTM-SP.POP.TOTL-2023,GTM,SP.POP.TOTL,"Population, total",2023,18124838,personas,,https://data.worldbank.org/indicator/SP.POP.TOTL?locations=GT,2026-10-07T02:23:11Z,CC BY 4.0 (revisar excepciones por indicador en los metadatos)
IND-GTM-SP.POP.TOTL-2024,GTM,SP.POP.TOTL,"Population, total",2024,18406359,personas,,https://data.worldbank.org/indicator/SP.POP.TOTL?locations=GT,2026-10-07T02:23:11Z,CC BY 4.0 (revisar excepciones por indicador en los metadatos)
IND-GTM-IT.NET.USER.ZS-2010,GTM,IT.NET.USER.ZS,Individuals using the Internet (% of population),2010,10.5,% de la población,,https://data.worldbank.org/indicator/IT.NET.USER.ZS?locations=GT,2026-10-07T02:23:13Z,CC BY 4.0 (revisar excepciones por indicador en los metadatos)
IND-GTM-IT.NET.USER.ZS-2011,GTM,IT.NET.USER.ZS,Individuals using the Internet (% of population),2011,12.30000019,% de la población,,https://data.worldbank.org/indicator/IT.NET.USER.ZS?locations=GT,2026-10-07T02:23:13Z,CC BY 4.0 (revisar excepciones por indicador en los metadatos)
IND-GTM-IT.NET.USER.ZS-2012,GTM,IT.NET.USER.ZS,Individuals using the Internet (% of population),2012,16,% de la población,,https://data.worldbank.org/indicator/IT.NET.USER.ZS?locations=GT,2026-10-07T02:23:13Z,CC BY 4.0 (revisar excepciones por indicador en los metadatos)
IND-GTM-IT.NET.USER.ZS-2013,GTM,IT.NET.USER.ZS,Individuals using the Internet (% of population),2013,19.70000076,% de la población,,https://data.worldbank.org/indicator/IT.NET.USER.ZS?locations=GT,2026-10-07T02:23:13Z,CC BY 4.0 (revisar excepciones por indicador en los metadatos)
IND-GTM-IT.NET.USER.ZS-2014,GTM,IT.NET.USER.ZS,Individuals using the Internet (% of population),2014,23.39999962,% de la población,,https://data.worldbank.org/indicator/IT.NET.USER.ZS?locations=GT,2026-10-07T02:23:13Z,CC BY 4.0 (revisar excepciones por indicador en los metadatos)
IND-GTM-IT.NET.USER.ZS-2015,GTM,IT.NET.USER.ZS,Individuals using the Internet (% of population),2015,28.80590057,% de la población,,https://data.worldbank.org/indicator/IT.NET.USER.ZS?locations=GT,2026-10-07T02:23:13Z,CC BY 4.0 (revisar excepciones por indicador en los metadatos)
IND-GTM-IT.NET.USER.ZS-2016,GTM,IT.NET.USER.ZS,Individuals using the Internet (% of population),2016,34.50930023,% de la población,,https://data.worldbank.org/indicator/IT.NET.USER.ZS?locations=GT,2026-10-07T02:23:13Z,CC BY 4.0 (revisar excepciones por indicador en los metadatos)
IND-GTM-IT.NET.USER.ZS-2017,GTM,IT.NET.USER.ZS,Individuals using the Internet (% of population),2017,37.90000153,% de la población,,https://data.worldbank.org/indicator/IT.NET.USER.ZS?locations=GT,2026-10-07T02:23:13Z,CC BY 4.0 (revisar excepciones por indicador en los metadatos)
IND-GTM-IT.NET.USER.ZS-2018,GTM,IT.NET.USER.ZS,Individuals using the Internet (% of population),2018,41.5,% de la población,,https://data.worldbank.org/indicator/IT.NET.USER.ZS?locations=GT,2026-10-07T02:23:13Z,CC BY 4.0 (revisar excepciones por indicador en los metadatos)
IND-GTM-IT.NET.USER.ZS-2019,GTM,IT.NET.USER.ZS,Individuals using the Internet (% of population),2019,44.401049838502,% de la población,,https://data.worldbank.org/indicator/IT.NET.USER.ZS?locations=GT,2026-10-07T02:23:13Z,CC BY 4.0 (revisar excepciones por indicador en los metadatos)
IND-GTM-IT.NET.USER.ZS-2020,GTM,IT.NET.USER.ZS,Individuals using the Internet (% of population),2020,47.51229858,% de la población,,https://data.worldbank.org/indicator/IT.NET.USER.ZS?locations=GT,2026-10-07T02:23:13Z,CC BY 4.0 (revisar excepciones por indicador en los metadatos)
IND-GTM-IT.NET.USER.ZS-2021,GTM,IT.NET.USER.ZS,Individuals using the Internet (% of population),2021,50.84164945,% de la población,,https://data.worldbank.org/indicator/IT.NET.USER.ZS?locations=GT,2026-10-07T02:23:13Z,CC BY 4.0 (revisar excepciones por indicador en los metadatos)
IND-GTM-IT.NET.USER.ZS-2022,GTM,IT.NET.USER.ZS,Individuals using the Internet (% of population),2022,54.40430069,% de la población,,https://data.worldbank.org/indicator/IT.NET.USER.ZS?locations=GT,2026-10-07T02:23:13Z,CC BY 4.0 (revisar excepciones por indicador en los metadatos)
IND-GTM-IT.NET.USER.ZS-2023,GTM,IT.NET.USER.ZS,Individuals using the Internet (% of population),2023,56.72669983,% de la población,,https://data.worldbank.org/indicator/IT.NET.USER.ZS?locations=GT,2026-10-07T02:23:13Z,CC BY 4.0 (revisar excepciones por indicador en los metadatos)
IND-GTM-IT.NET.USER.ZS-2024,GTM,IT.NET.USER.ZS,Individuals using the Internet (% of population),2024,60.22140121,% de la población,,https://data.worldbank.org/indicator/IT.NET.USER.ZS?locations=GT,2026-10-07T02:23:13Z,CC BY 4.0 (revisar excepciones por indicador en los metadatos)
IND-GTM-NE.EXP.GNFS.ZS-2010,GTM,NE.EXP.GNFS.ZS,Exports of goods and services (% of GDP),2010,26.2254643341594,% del PIB,,https://data.worldbank.org/indicator/NE.EXP.GNFS.ZS?locations=GT,2026-10-07T02:23:15Z,CC BY 4.0 (revisar excepciones por indicador en los metadatos)
IND-GTM-NE.EXP.GNFS.ZS-2011,GTM,NE.EXP.GNFS.ZS,Exports of goods and services (% of GDP),2011,27.0677057848772,% del PIB,,https://data.worldbank.org/indicator/NE.EXP.GNFS.ZS?locations=GT,2026-10-07T02:23:15Z,CC BY 4.0 (revisar excepciones por indicador en los metadatos)
IND-GTM-NE.EXP.GNFS.ZS-2012,GTM,NE.EXP.GNFS.ZS,Exports of goods and services (% of GDP),2012,25.267092636425,% del PIB,,https://data.worldbank.org/indicator/NE.EXP.GNFS.ZS?locations=GT,2026-10-07T02:23:15Z,CC BY 4.0 (revisar excepciones por indicador en los metadatos)
IND-GTM-NE.EXP.GNFS.ZS-2013,GTM,NE.EXP.GNFS.ZS,Exports of goods and services (% of GDP),2013,21.9981664670011,% del PIB,,https://data.worldbank.org/indicator/NE.EXP.GNFS.ZS?locations=GT,2026-10-07T02:23:15Z,CC BY 4.0 (revisar excepciones por indicador en los metadatos)
IND-GTM-NE.EXP.GNFS.ZS-2014,GTM,NE.EXP.GNFS.ZS,Exports of goods and services (% of GDP),2014,21.7443606885213,% del PIB,,https://data.worldbank.org/indicator/NE.EXP.GNFS.ZS?locations=GT,2026-10-07T02:23:15Z,CC BY 4.0 (revisar excepciones por indicador en los metadatos)
IND-GTM-NE.EXP.GNFS.ZS-2015,GTM,NE.EXP.GNFS.ZS,Exports of goods and services (% of GDP),2015,19.8299071093932,% del PIB,,https://data.worldbank.org/indicator/NE.EXP.GNFS.ZS?locations=GT,2026-10-07T02:23:15Z,CC BY 4.0 (revisar excepciones por indicador en los metadatos)
IND-GTM-NE.EXP.GNFS.ZS-2016,GTM,NE.EXP.GNFS.ZS,Exports of goods and services (% of GDP),2016,18.753087949948,% del PIB,,https://data.worldbank.org/indicator/NE.EXP.GNFS.ZS?locations=GT,2026-10-07T02:23:15Z,CC BY 4.0 (revisar excepciones por indicador en los metadatos)
IND-GTM-NE.EXP.GNFS.ZS-2017,GTM,NE.EXP.GNFS.ZS,Exports of goods and services (% of GDP),2017,18.4950394164293,% del PIB,,https://data.worldbank.org/indicator/NE.EXP.GNFS.ZS?locations=GT,2026-10-07T02:23:15Z,CC BY 4.0 (revisar excepciones por indicador en los metadatos)
IND-GTM-NE.EXP.GNFS.ZS-2018,GTM,NE.EXP.GNFS.ZS,Exports of goods and services (% of GDP),2018,18.1693258488802,% del PIB,,https://data.worldbank.org/indicator/NE.EXP.GNFS.ZS?locations=GT,2026-10-07T02:23:15Z,CC BY 4.0 (revisar excepciones por indicador en los metadatos)
IND-GTM-NE.EXP.GNFS.ZS-2019,GTM,NE.EXP.GNFS.ZS,Exports of goods and services (% of GDP),2019,17.6119727745274,% del PIB,,https://data.worldbank.org/indicator/NE.EXP.GNFS.ZS?locations=GT,2026-10-07T02:23:15Z,CC BY 4.0 (revisar excepciones por indicador en los metadatos)
IND-GTM-NE.EXP.GNFS.ZS-2020,GTM,NE.EXP.GNFS.ZS,Exports of goods and services (% of GDP),2020,16.3436118075967,% del PIB,,https://data.worldbank.org/indicator/NE.EXP.GNFS.ZS?locations=GT,2026-10-07T02:23:15Z,CC BY 4.0 (revisar excepciones por indicador en los metadatos)
IND-GTM-NE.EXP.GNFS.ZS-2021,GTM,NE.EXP.GNFS.ZS,Exports of goods and services (% of GDP),2021,17.6296569856584,% del PIB,,https://data.worldbank.org/indicator/NE.EXP.GNFS.ZS?locations=GT,2026-10-07T02:23:15Z,CC BY 4.0 (revisar excepciones por indicador en los metadatos)
IND-GTM-NE.EXP.GNFS.ZS-2022,GTM,NE.EXP.GNFS.ZS,Exports of goods and services (% of GDP),2022,18.9517853338562,% del PIB,,https://data.worldbank.org/indicator/NE.EXP.GNFS.ZS?locations=GT,2026-10-07T02:23:15Z,CC BY 4.0 (revisar excepciones por indicador en los metadatos)
IND-GTM-NE.EXP.GNFS.ZS-2023,GTM,NE.EXP.GNFS.ZS,Exports of goods and services (% of GDP),2023,16.6174908714024,% del PIB,,https://data.worldbank.org/indicator/NE.EXP.GNFS.ZS?locations=GT,2026-10-07T02:23:15Z,CC BY 4.0 (revisar excepciones por indicador en los metadatos)
IND-GTM-NE.EXP.GNFS.ZS-2024,GTM,NE.EXP.GNFS.ZS,Exports of goods and services (% of GDP),2024,15.8834632887959,% del PIB,,https://data.worldbank.org/indicator/NE.EXP.GNFS.ZS?locations=GT,2026-10-07T02:23:15Z,CC BY 4.0 (revisar excepciones por indicador en los metadatos)
